Pclass,Sex,Age,Fare,Embarked_Q,Embarked_S,Title_Miss,Title_Mr,Title_Mrs,Title_Rare,AgeGroup,isfamilyonboard,TicketGroupSize
3,0,-0.5657364610748746,-0.5877788171987225,0.0,1.0,0,1,0,0,2,1,-0.579161792940097
1,1,0.6638610320657843,1.1381499495989098,0.0,0.0,0,0,1,0,3,1,-0.579161792940097
3,1,-0.2583370877897099,-0.5695851286399819,0.0,1.0,1,0,0,0,2,0,-0.579161792940097
1,1,0.4333115021019107,0.6480443241616547,0.0,1.0,0,0,1,0,2,1,0.15592817502233383
3,0,0.4333115021019107,-0.5662159270550299,0.0,1.0,0,1,0,0,2,0,-0.579161792940097
3,0,-0.10463740114712752,-0.5552107669979429,1.0,0.0,0,1,0,0,2,0,-0.579161792940097
1,0,1.893458525206443,0.6146892284706302,0.0,1.0,0,1,0,0,3,0,-0.579161792940097
3,0,-2.1027333275006983,-0.21514512190303622,0.0,1.0,0,0,0,0,0,1,1.6261081109471953
3,1,-0.1814872444684187,-0.483109853079971,0.0,1.0,0,0,1,0,2,1,0.8910181429847647
2,1,-1.180535207645204,0.02732418704025013,0.0,0.0,0,0,1,0,1,1,0.15592817502233383
3,1,-1.949033640858116,-0.33306717737635466,0.0,1.0,1,0,0,0,0,1,0.15592817502233383
1,1,2.200857898491608,-0.06757409248214055,0.0,1.0,1,0,0,0,3,0,-0.579161792940097
3,0,-0.719436147717457,-0.5662159270550299,0.0,1.0,0,1,0,0,2,0,-0.579161792940097
3,0,0.7407108753870755,-0.05207576519136158,0.0,1.0,0,1,0,0,3,1,3.831378014834488
3,1,-1.180535207645204,-0.5714934444176987,0.0,1.0,1,0,0,0,1,0,-0.579161792940097
2,1,1.9703083685277343,-0.3519347062520856,0.0,1.0,0,0,1,0,3,0,-0.579161792940097
3,0,-2.1027333275006983,-0.05207576519136158,1.0,0.0,0,0,0,0,0,1,2.361198078909626
2,0,-0.10463740114712752,-0.43279554429093253,0.0,1.0,0,1,0,0,2,0,-0.579161792940097
3,1,0.12591212881674602,-0.2980274808928543,0.0,1.0,0,0,1,0,2,1,-0.579161792940097
3,1,-0.10463740114712752,-0.5884526575157129,0.0,0.0,0,0,1,0,2,0,-0.579161792940097
2,0,0.4333115021019107,-0.08239857945592918,0.0,1.0,0,1,0,0,2,0,0.15592817502233383
2,0,0.35646165878061953,-0.43279554429093253,0.0,1.0,0,1,0,0,2,0,-0.579161792940097
3,1,-1.1036853643239128,-0.5667765621987659,1.0,0.0,1,0,0,0,1,0,-0.579161792940097
1,0,-0.10463740114712752,0.17366074100041942,0.0,1.0,0,1,0,0,2,0,-0.579161792940097
3,1,-1.6416342675729512,-0.21514512190303622,0.0,1.0,1,0,0,0,0,1,1.6261081109471953
3,1,0.6638610320657843,-0.05207576519136158,0.0,1.0,0,0,1,0,3,1,1.6261081109471953
3,0,-0.10463740114712752,-0.5884526575157129,0.0,0.0,0,1,0,0,2,0,-0.579161792940097
1,0,-0.7962859910387481,4.267105898653647,0.0,1.0,0,1,0,0,2,1,1.6261081109471953
3,1,-0.10463740114712752,-0.5708196041007083,1.0,0.0,1,0,0,0,2,0,-0.579161792940097
3,0,-0.10463740114712752,-0.5703721741302267,0.0,1.0,0,1,0,0,2,0,-0.579161792940097
1,0,0.8175607187083667,-0.03601680275684657,0.0,0.0,0,0,0,1,3,0,-0.579161792940097
1,1,-0.10463740114712752,3.166072383581492,0.0,0.0,0,0,1,0,2,1,0.15592817502233383
3,1,-0.10463740114712752,-0.5743020108589146,1.0,0.0,1,0,0,0,2,0,-0.579161792940097
2,0,2.8156566450619374,-0.5001795759899716,0.0,1.0,0,1,0,0,4,0,-0.579161792940097
1,0,-0.10463740114712752,1.4316074076482252,0.0,0.0,0,1,0,0,2,1,0.15592817502233383
1,0,0.9712604053509489,0.6183953502140775,0.0,1.0,0,1,0,0,3,1,0.15592817502233383
3,0,-0.10463740114712752,-0.5883394523424585,0.0,0.0,0,1,0,0,2,0,-0.579161792940097
3,0,-0.6425863043961658,-0.5662159270550299,0.0,1.0,0,1,0,0,2,0,-0.579161792940097
3,1,-0.8731358343600393,-0.2980274808928543,0.0,1.0,1,0,0,0,1,1,0.15592817502233383
3,1,-1.180535207645204,-0.48018808146550074,0.0,0.0,1,0,0,0,1,1,0.15592817502233383
3,1,0.8175607187083667,-0.5278070289865777,0.0,1.0,0,0,1,0,3,1,-0.579161792940097
2,1,-0.1814872444684187,-0.21716664285400739,0.0,1.0,0,0,1,0,2,1,0.15592817502233383
3,0,-0.10463740114712752,-0.5703721741302267,0.0,0.0,0,1,0,0,2,0,-0.579161792940097
2,1,-2.025883484179407,0.33751714320233883,0.0,0.0,1,0,0,0,0,1,0.8910181429847647
3,1,-0.7962859910387481,-0.5708196041007083,1.0,0.0,1,0,0,0,2,0,-0.579161792940097
3,0,-0.10463740114712752,-0.5662159270550299,0.0,1.0,0,1,0,0,2,0,-0.579161792940097
3,0,-0.10463740114712752,-0.3654115125918934,1.0,0.0,0,1,0,0,2,1,-0.579161792940097
3,1,-0.10463740114712752,-0.5743020108589146,1.0,0.0,1,0,0,0,2,0,-0.579161792940097
3,0,-0.10463740114712752,-0.1988597491220124,0.0,0.0,0,1,0,0,2,1,-0.579161792940097
3,1,-0.8731358343600393,-0.3034182034287774,0.0,1.0,0,0,1,0,1,1,0.15592817502233383
3,0,-1.7184841108942424,-0.05207576519136158,0.0,1.0,0,0,0,0,0,1,3.096288046872057
3,0,-0.6425863043961658,-0.5729543302249338,0.0,1.0,0,1,0,0,2,0,-0.579161792940097
1,1,1.5092093085999871,1.2849366288908288,0.0,0.0,0,0,1,0,3,1,0.8910181429847647
2,1,-0.027787557825836348,-0.08239857945592918,0.0,1.0,0,0,1,0,2,1,-0.579161792940097
1,0,2.738806801740646,0.8873708418664977,0.0,0.0,0,1,0,0,4,1,-0.579161792940097
1,0,-0.10463740114712752,0.17366074100041942,0.0,1.0,0,1,0,0,2,0,-0.579161792940097
2,1,-0.6425863043961658,-0.5001795759899716,0.0,1.0,1,0,0,0,2,0,-0.579161792940097
3,0,-0.06621247948648194,-0.5883394523424585,0.0,0.0,0,1,0,0,2,0,-0.579161792940097
2,1,-1.8721837975368247,-0.03522975726660181,0.0,1.0,1,0,0,0,0,1,0.8910181429847647
3,0,-1.4110847376090776,-0.05207576519136158,0.0,1.0,0,0,0,0,0,1,3.096288046872057
3,0,-0.5657364610748746,-0.5883394523424585,0.0,0.0,0,1,0,0,2,0,-0.579161792940097
1,1,0.6638610320657843,1.3730965052433155,0.0,1.0,1,0,0,0,3,0,0.15592817502233383
1,0,1.2018099353148226,1.4667603093049797,0.0,1.0,0,1,0,0,3,1,0.15592817502233383
3,0,-1.949033640858116,-0.05207576519136158,0.0,1.0,0,0,0,0,0,1,3.096288046872057
1,0,-0.10463740114712752,-0.03601680275684657,0.0,0.0,0,1,0,0,2,0,-0.579161792940097
3,0,-0.10463740114712752,-0.3722631209350517,0.0,0.0,0,0,0,0,2,1,0.15592817502233383
2,1,-0.027787557825836348,-0.5001795759899716,0.0,1.0,0,0,1,0,2,0,-0.579161792940097
3,0,-0.7962859910387481,-0.5632968508018276,0.0,1.0,0,1,0,0,2,0,-0.579161792940097
3,1,-0.9499856776813305,-0.5695851286399819,0.0,1.0,1,0,0,0,1,1,-0.579161792940097
3,0,-0.2583370877897099,-0.5497068392887654,0.0,1.0,0,1,0,0,2,1,-0.579161792940097
2,0,0.20276197213803718,-0.5001795759899716,0.0,1.0,0,1,0,0,2,0,-0.579161792940097
3,1,-1.0268355210026217,-0.05207576519136158,0.0,1.0,1,0,0,0,1,1,3.096288046872057
2,0,-0.6425863043961658,0.4431968677965758,0.0,1.0,0,1,0,0,2,0,2.361198078909626
3,0,-0.2583370877897099,-0.39359960073223543,0.0,0.0,0,1,0,0,2,1,-0.579161792940097
3,0,0.20276197213803718,-0.05207576519136158,0.0,1.0,0,1,0,0,2,0,3.831378014834488
3,0,-0.33518693111100106,-0.5769973721268762,0.0,1.0,0,1,0,0,2,0,-0.579161792940097
3,0,-0.10463740114712752,-0.5703721741302267,0.0,1.0,0,1,0,0,2,0,-0.579161792940097
3,0,-0.10463740114712752,-0.5662159270550299,0.0,1.0,0,1,0,0,2,0,-0.579161792940097
2,0,-2.192647644186609,-0.0015377414170822561,0.0,1.0,0,0,0,0,0,1,0.15592817502233383
3,1,0.04906228549545483,-0.4469461909477308,0.0,1.0,1,0,0,0,2,0,0.15592817502233383
3,0,-0.5657364610748746,-0.5406099950093951,0.0,1.0,0,1,0,0,2,0,-0.579161792940097
3,0,-0.027787557825836348,-0.5271331886695872,0.0,1.0,0,1,0,0,2,0,-0.579161792940097
3,1,-0.10463740114712752,-0.5732912503834291,1.0,0.0,1,0,0,0,2,0,-0.579161792940097
1,0,-0.10463740114712752,0.48632264808396086,0.0,1.0,0,1,0,0,2,0,-0.579161792940097
2,1,-0.9499856776813305,-0.5001795759899716,0.0,1.0,1,0,0,0,1,0,-0.579161792940097
3,1,0.27961181545932834,-0.35597774815402794,0.0,1.0,0,0,1,0,2,1,0.15592817502233383
3,0,-1.0268355210026217,-0.05207576519136158,0.0,1.0,0,1,0,0,1,1,1.6261081109471953
3,0,-0.10463740114712752,-0.5662159270550299,0.0,1.0,0,1,0,0,2,0,-0.579161792940097
1,1,-0.48888661775358344,4.267105898653647,0.0,1.0,1,0,0,0,2,1,1.6261081109471953
3,0,-0.41203677443229225,-0.5662159270550299,0.0,1.0,0,1,0,0,2,0,-0.579161792940097
3,0,-0.027787557825836348,-0.5662159270550299,0.0,1.0,0,1,0,0,2,0,-0.579161792940097
3,0,-0.719436147717457,-0.5714934444176987,0.0,1.0,0,1,0,0,2,0,-0.579161792940097
1,0,1.2786597786361138,0.865694746549551,0.0,1.0,0,1,0,0,3,1,-0.579161792940097
3,0,-0.2583370877897099,-0.22862192824284405,0.0,1.0,0,1,0,0,2,1,0.15592817502233383
3,0,2.277707741812899,-0.5877788171987225,0.0,1.0,0,1,0,0,3,0,-0.579161792940097
3,0,-0.10463740114712752,-0.5662159270550299,0.0,1.0,0,1,0,0,2,0,-0.579161792940097
1,0,3.1999058616683933,0.1508633753960006,0.0,0.0,0,1,0,0,4,0,-0.579161792940097
1,0,-0.48888661775358344,0.924542569112956,0.0,0.0,0,1,0,0,2,1,-0.579161792940097
2,1,0.35646165878061953,-0.1632594174947761,0.0,1.0,0,0,1,0,2,1,0.15592817502233383
2,0,0.35646165878061953,-0.08239857945592918,0.0,1.0,0,1,0,0,2,1,0.15592817502233383
3,1,-0.10463740114712752,-0.5703721741302267,0.0,1.0,1,0,0,0,2,0,-0.579161792940097
3,0,-0.10463740114712752,-0.5703721741302267,0.0,1.0,0,1,0,0,2,0,-0.579161792940097
1,0,-0.6425863043961658,1.299984830849858,0.0,1.0,0,1,0,0,2,1,0.15592817502233383
3,0,0.27961181545932834,-0.5499305542740062,0.0,1.0,0,1,0,0,2,0,-0.579161792940097
3,0,0.5870111887444931,-0.5695851286399819,0.0,1.0,0,1,0,0,3,1,-0.579161792940097
3,0,-0.10463740114712752,-0.5703721741302267,0.0,1.0,0,1,0,0,2,0,-0.579161792940097
3,1,-0.6425863043961658,-0.5769973721268762,0.0,1.0,1,0,0,0,2,0,-0.579161792940097
3,0,-0.10463740114712752,-0.5736281705419242,0.0,1.0,0,1,0,0,2,0,-0.579161792940097
3,0,0.6638610320657843,-0.5703721741302267,0.0,1.0,0,1,0,0,3,0,-0.579161792940097
3,1,-0.10463740114712752,-0.13226276291321815,1.0,0.0,1,0,0,0,2,1,0.8910181429847647
1,0,1.3555096219574048,0.6183953502140775,0.0,1.0,0,1,0,0,3,0,0.15592817502233383
3,1,-1.1421102859845584,-0.39359960073223543,0.0,0.0,1,0,0,0,1,1,0.15592817502233383
3,0,-0.5657364610748746,-0.5662159270550299,0.0,1.0,0,1,0,0,2,0,-0.579161792940097
3,1,-0.719436147717457,-0.5183732645487122,0.0,1.0,1,0,0,0,2,1,-0.579161792940097
3,1,-0.9499856776813305,-0.39348909092024903,0.0,0.0,1,0,0,0,1,0,0.15592817502233383
3,0,-0.6425863043961658,-0.5695851286399819,0.0,1.0,0,1,0,0,2,0,-0.579161792940097
3,0,3.1614809400077477,-0.5743020108589146,1.0,0.0,0,1,0,0,4,0,-0.579161792940097
2,0,-0.027787557825836348,-0.21716664285400739,0.0,1.0,0,1,0,0,2,1,0.15592817502233383
1,0,-0.41203677443229225,4.267105898653647,0.0,0.0,0,1,0,0,2,1,0.15592817502233383
3,1,-2.1027333275006983,-0.05207576519136158,0.0,1.0,1,0,0,0,0,1,3.831378014834488
2,0,-0.6425863043961658,0.4431968677965758,0.0,1.0,0,1,0,0,2,1,2.361198078909626
3,0,-0.10463740114712752,-0.5662159270550299,0.0,1.0,0,1,0,0,2,0,-0.579161792940097
2,0,0.24118689379868277,0.02732418704025013,0.0,0.0,0,1,0,0,2,1,0.15592817502233383
2,1,0.24118689379868277,-0.43279554429093253,0.0,1.0,1,0,0,0,2,0,-0.579161792940097
1,0,1.893458525206443,1.299984830849858,0.0,1.0,0,1,0,0,3,1,0.15592817502233383
3,0,-1.3342348942877864,-0.48018808146550074,0.0,0.0,0,0,0,0,0,1,0.15592817502233383
3,0,-0.10463740114712752,-0.5743020108589146,1.0,0.0,0,1,0,0,2,0,-0.579161792940097
3,0,-0.41203677443229225,-0.5906978934519248,0.0,1.0,0,1,0,0,2,0,-0.579161792940097
3,1,-0.10463740114712752,-0.18055555075128546,0.0,0.0,1,0,0,0,2,1,0.15592817502233383
3,0,1.2018099353148226,-0.5951910606856168,0.0,1.0,0,1,0,0,3,0,-0.579161792940097
3,0,0.27961181545932834,-0.5703721741302267,0.0,0.0,0,1,0,0,2,0,-0.579161792940097
3,0,-0.719436147717457,-0.5931695397346456,0.0,1.0,0,1,0,0,2,0,-0.579161792940097
3,1,1.3555096219574048,-0.3923651252715091,0.0,1.0,0,0,1,0,3,1,-0.579161792940097
2,1,-0.027787557825836348,-0.08239857945592918,0.0,1.0,0,0,1,0,2,1,-0.579161792940097
2,0,-0.33518693111100106,-0.43279554429093253,0.0,1.0,0,1,0,0,2,0,-0.579161792940097
2,0,-0.48888661775358344,-0.37765384347097486,0.0,0.0,0,1,0,0,2,0,-0.579161792940097
1,1,-0.7962859910387481,-0.07476262098379405,0.0,1.0,1,0,0,0,2,1,-0.579161792940097
1,0,0.5870111887444931,0.6480443241616547,0.0,1.0,0,1,0,0,3,1,0.15592817502233383
3,0,-1.0268355210026217,-0.5347691471417224,0.0,1.0,0,1,0,0,1,0,0.15592817502233383
1,0,-0.41203677443229225,1.351533615099623,0.0,0.0,0,1,0,0,2,0,0.15592817502233383
3,1,-0.10463740114712752,-0.3722631209350517,0.0,0.0,0,0,1,0,2,1,0.15592817502233383
3,1,-0.5657364610748746,-0.5743020108589146,0.0,1.0,1,0,0,0,2,0,-0.579161792940097
3,1,-0.41203677443229225,-0.35597774815402794,0.0,1.0,0,0,1,0,2,1,0.15592817502233383
3,0,-0.7962859910387481,-0.6012556235385302,1.0,0.0,0,1,0,0,2,0,-0.579161792940097
2,0,-0.8731358343600393,-0.473225963310356,0.0,1.0,0,1,0,0,1,0,-0.579161792940097
2,0,-0.7962859910387481,0.20735275684993895,0.0,1.0,0,1,0,0,2,1,0.15592817502233383
3,0,-0.1814872444684187,-0.5730675353981882,0.0,1.0,0,1,0,0,2,0,-0.579161792940097
3,1,-1.56478442425166,-0.05207576519136158,0.0,1.0,1,0,0,0,0,1,1.6261081109471953
2,0,0.5485862670838475,-0.08239857945592918,0.0,1.0,0,1,0,0,3,1,0.8910181429847647
2,0,0.9712604053509489,-0.43279554429093253,0.0,1.0,0,0,0,1,3,0,-0.579161792940097
2,0,1.6629089952425695,-0.44559851031374986,0.0,1.0,0,0,0,1,3,0,-0.579161792940097
1,1,-0.5657364610748746,1.0119180953364657,0.0,1.0,0,0,1,0,2,1,0.15592817502233383
3,0,2.00873329018838,-0.5662159270550299,0.0,1.0,0,1,0,0,3,0,-0.579161792940097
3,0,0.8559856403690123,-0.3923651252715091,0.0,1.0,0,1,0,0,3,1,-0.579161792940097
3,0,-0.10463740114712752,-0.5860942164062465,0.0,1.0,0,1,0,0,2,0,-0.579161792940097
1,0,1.6629089952425695,0.8711986742587285,0.0,0.0,0,1,0,0,3,1,-0.579161792940097
3,1,-1.0268355210026217,-0.5747521361906642,1.0,0.0,1,0,0,0,1,0,-0.579161792940097
3,0,0.04906228549545483,-0.5662159270550299,0.0,1.0,0,1,0,0,2,0,-0.579161792940097
3,0,-0.10463740114712752,-0.5497068392887654,0.0,1.0,0,1,0,0,2,0,-0.579161792940097
3,0,-0.10463740114712752,-0.05207576519136158,0.0,1.0,0,0,0,0,2,1,3.831378014834488
3,0,1.1249600919935314,-0.349239344984124,0.0,1.0,0,1,0,0,3,1,-0.579161792940097
2,1,0.8175607187083667,-0.3586731094219895,0.0,1.0,0,0,1,0,3,0,-0.579161792940097
3,0,-0.2583370877897099,-0.5736281705419242,0.0,1.0,0,1,0,0,2,0,-0.579161792940097
3,0,-0.9499856776813305,-0.5497068392887654,0.0,1.0,0,1,0,0,1,0,-0.579161792940097
3,0,-2.1795831708219895,-0.05207576519136158,0.0,1.0,0,0,0,0,0,1,3.096288046872057
3,0,-1.56478442425166,-0.22996960887682485,0.0,1.0,0,0,0,0,0,1,0.8910181429847647
1,1,-0.10463740114712752,0.6992561882529245,0.0,1.0,0,0,1,0,2,1,0.15592817502233383
3,1,1.2018099353148226,-0.05207576519136158,0.0,1.0,0,0,1,0,3,1,3.096288046872057
1,0,-0.10463740114712752,-0.08442010040690033,0.0,1.0,0,1,0,0,2,0,-0.579161792940097
3,0,-0.10463740114712752,-0.05207576519136158,0.0,1.0,0,1,0,0,2,0,3.831378014834488
1,0,2.4314074284554814,0.11975351564118814,0.0,1.0,0,1,0,0,4,0,-0.579161792940097
3,0,-1.949033640858116,-0.05207576519136158,1.0,0.0,0,0,0,0,0,1,2.361198078909626
3,1,-2.1795831708219895,-0.483109853079971,0.0,1.0,1,0,0,0,0,1,0.8910181429847647
3,0,-0.6425863043961658,-0.5695851286399819,0.0,1.0,0,1,0,0,2,0,-0.579161792940097
1,0,2.0471582118490255,0.04417019496500991,0.0,0.0,0,1,0,0,3,0,-0.579161792940097
3,0,-0.8731358343600393,-0.5714934444176987,0.0,1.0,0,1,0,0,1,1,-0.579161792940097
3,0,-0.10463740114712752,-0.09677294109796822,0.0,1.0,0,0,0,0,2,1,1.6261081109471953
1,1,1.5860591519212783,-0.009286905062471791,0.0,0.0,1,0,0,0,3,0,-0.579161792940097
2,0,0.04906228549545483,-0.43279554429093253,0.0,1.0,0,1,0,0,2,0,-0.579161792940097
3,0,0.5101613454232019,-0.7831925091259359,0.0,1.0,0,1,0,0,3,0,1.6261081109471953
3,1,-0.10463740114712752,-0.05207576519136158,0.0,1.0,1,0,0,0,2,1,3.831378014834488
2,0,-0.10463740114712752,-0.37754063829772044,0.0,0.0,0,1,0,0,2,0,-0.579161792940097
3,0,-1.56478442425166,-0.05207576519136158,0.0,1.0,0,0,0,0,0,1,1.6261081109471953
2,0,-2.1795831708219895,0.26799838537907417,0.0,1.0,0,0,0,0,0,1,0.15592817502233383
3,1,-1.949033640858116,-0.1895391898574014,0.0,1.0,1,0,0,0,0,1,-0.579161792940097
1,0,-0.10463740114712752,0.5644881248548462,0.0,1.0,0,1,0,0,2,0,-0.579161792940097
3,1,-0.10463740114712752,-0.3654115125918934,1.0,0.0,0,0,1,0,2,1,0.15592817502233383
1,0,1.2018099353148226,-0.06757409248214055,0.0,1.0,0,1,0,0,3,0,-0.579161792940097
3,0,0.8175607187083667,-0.3654115125918934,1.0,0.0,0,1,0,0,3,1,0.15592817502233383
3,0,0.5101613454232019,-0.5703721741302267,0.0,1.0,0,1,0,0,3,0,-0.579161792940097
2,1,0.20276197213803718,-0.43279554429093253,0.0,1.0,0,0,1,0,2,0,-0.579161792940097
2,0,-0.7962859910387481,-0.43279554429093253,0.0,1.0,0,1,0,0,2,0,-0.579161792940097
3,1,-0.7962859910387481,-0.5714934444176987,0.0,1.0,1,0,0,0,2,1,-0.579161792940097
2,0,-2.025883484179407,-0.08239857945592918,0.0,1.0,0,0,0,0,0,1,0.8910181429847647
1,1,1.1249600919935314,-0.03601680275684657,0.0,0.0,0,0,1,0,3,0,-0.579161792940097
1,1,2.200857898491608,3.166072383581492,0.0,0.0,1,0,0,0,3,0,0.15592817502233383
3,0,-0.10463740114712752,-0.5743020108589146,1.0,0.0,0,1,0,0,2,0,-0.579161792940097
3,0,0.9712604053509489,-0.5566689574439101,0.0,1.0,0,1,0,0,3,1,-0.579161792940097
3,1,-0.10463740114712752,-0.5743020108589146,1.0,0.0,1,0,0,0,2,0,-0.579161792940097
2,1,-0.41203677443229225,-0.43279554429093253,0.0,1.0,1,0,0,0,2,0,-0.579161792940097
3,0,-0.10463740114712752,-0.5271331886695872,0.0,1.0,0,1,0,0,2,0,-0.579161792940097
3,0,-0.10463740114712752,-0.05207576519136158,0.0,1.0,0,1,0,0,2,1,3.831378014834488
3,0,0.35646165878061953,-0.6081072318816886,0.0,1.0,0,1,0,0,2,0,-0.579161792940097
3,0,1.2402348569754682,-0.5884526575157129,0.0,0.0,0,1,0,0,3,0,-0.579161792940097
3,0,-0.8731358343600393,-0.5662159270550299,0.0,1.0,0,1,0,0,1,0,-0.579161792940097
3,1,-2.1027333275006983,-0.5011903364654572,0.0,1.0,1,0,0,0,0,1,0.15592817502233383
3,0,0.20276197213803718,-0.35597774815402794,0.0,1.0,0,1,0,0,2,1,0.15592817502233383
3,0,-0.2583370877897099,-0.276801510907657,0.0,0.0,0,1,0,0,2,0,0.15592817502233383
3,1,-1.0268355210026217,-0.5743020108589146,1.0,0.0,1,0,0,0,1,0,-0.579161792940097
1,0,0.8175607187083667,0.05236948394214903,0.0,0.0,0,1,0,0,3,0,-0.579161792940097
3,0,-0.41203677443229225,-0.5931695397346456,0.0,1.0,0,1,0,0,2,0,-0.579161792940097
2,1,0.4333115021019107,-0.21716664285400739,0.0,1.0,1,0,0,0,2,0,-0.579161792940097
3,0,-0.5657364610748746,-0.5877788171987225,0.0,1.0,0,1,0,0,2,0,-0.579161792940097
2,0,0.04906228549545483,-0.43279554429093253,0.0,1.0,0,1,0,0,2,0,-0.579161792940097
3,0,-0.10463740114712752,-0.5743020108589146,1.0,0.0,0,1,0,0,2,1,-0.579161792940097
1,1,0.12591212881674602,2.269977967157526,0.0,0.0,1,0,0,0,2,1,0.8910181429847647
3,1,-0.1814872444684187,-0.5695851286399819,0.0,1.0,1,0,0,0,2,0,-0.579161792940097
2,0,0.9712604053509489,-0.05544496677631354,0.0,1.0,0,1,0,0,3,1,0.15592817502233383
1,1,0.20276197213803718,1.273144423343497,0.0,0.0,1,0,0,0,2,0,-0.579161792940097
2,0,0.04906228549545483,-0.5001795759899716,0.0,1.0,0,1,0,0,2,0,-0.579161792940097
3,0,-1.0268355210026217,-0.5662159270550299,0.0,1.0,0,1,0,0,1,0,-0.579161792940097
2,0,-0.1814872444684187,-0.43279554429093253,0.0,1.0,0,1,0,0,2,0,-0.579161792940097
3,0,1.6629089952425695,-0.5662159270550299,0.0,1.0,0,1,0,0,3,0,-0.579161792940097
3,0,-0.10463740114712752,-0.5703721741302267,0.0,1.0,0,1,0,0,2,0,-0.579161792940097
1,0,0.6638610320657843,1.642632632039472,0.0,1.0,0,1,0,0,3,1,0.15592817502233383
3,0,-0.5657364610748746,-0.5311762305715296,0.0,1.0,0,1,0,0,2,0,-0.579161792940097
2,0,-0.7962859910387481,-0.5001795759899716,0.0,1.0,0,1,0,0,2,0,-0.579161792940097
3,0,-0.6810112260568114,-0.5877788171987225,0.0,1.0,0,1,0,0,2,0,-0.579161792940097
2,0,-0.8731358343600393,-0.43279554429093253,0.0,1.0,0,1,0,0,1,0,-0.579161792940097
3,1,-0.10463740114712752,-0.09677294109796822,0.0,1.0,1,0,0,0,2,1,1.6261081109471953
1,1,0.4333115021019107,1.4667603093049797,0.0,1.0,0,0,1,0,2,1,0.15592817502233383
3,0,-0.027787557825836348,-0.5736281705419242,0.0,1.0,0,1,0,0,2,0,-0.579161792940097
2,0,2.277707741812899,-0.4193187379511247,0.0,1.0,0,1,0,0,3,0,-0.579161792940097
3,1,-1.8721837975368247,-0.05207576519136158,0.0,1.0,1,0,0,0,0,1,1.6261081109471953
2,0,-0.41203677443229225,-0.5001795759899716,0.0,1.0,0,1,0,0,2,0,-0.579161792940097
3,1,-0.10463740114712752,-0.5796927333948377,0.0,1.0,1,0,0,0,2,0,-0.579161792940097
2,0,1.1249600919935314,-0.08239857945592918,0.0,1.0,0,1,0,0,3,1,-0.579161792940097
2,1,-1.6416342675729512,-0.07566017628602527,0.0,1.0,1,0,0,0,0,1,0.8910181429847647
2,0,-0.7962859910387481,-0.5001795759899716,0.0,1.0,0,1,0,0,2,0,-0.579161792940097
2,0,0.27961181545932834,-0.4523369134836538,0.0,1.0,0,1,0,0,2,0,-0.579161792940097
3,1,-0.10463740114712752,-0.39359960073223543,0.0,0.0,1,0,0,0,2,1,0.15592817502233383
3,1,-0.10463740114712752,-0.3654115125918934,1.0,0.0,1,0,0,0,2,1,0.15592817502233383
2,0,-0.027787557825836348,-0.5001795759899716,0.0,1.0,0,1,0,0,2,0,-0.579161792940097
3,0,-0.5657364610748746,-0.5911480187836744,0.0,1.0,0,1,0,0,2,0,-0.579161792940097
3,0,0.04906228549545483,-0.5884526575157129,0.0,0.0,0,1,0,0,2,0,-0.579161792940097
1,0,1.1249600919935314,1.642632632039472,1.0,0.0,0,0,0,1,3,1,0.15592817502233383
3,1,-0.33518693111100106,-0.5736281705419242,0.0,1.0,1,0,0,0,2,0,-0.579161792940097
2,1,-0.41203677443229225,-0.3923651252715091,0.0,1.0,0,0,1,0,2,1,0.15592817502233383
1,0,0.5870111887444931,0.6333330423611205,0.0,1.0,0,1,0,0,3,1,0.15592817502233383
2,0,1.893458525206443,-0.08239857945592918,0.0,1.0,0,0,0,1,3,1,0.15592817502233383
3,0,-0.10463740114712752,-0.5877788171987225,0.0,1.0,0,1,0,0,2,0,-0.579161792940097
3,1,-0.027787557825836348,-0.5011903364654572,0.0,1.0,0,0,1,0,2,1,0.15592817502233383
1,0,2.5082572717767726,-0.06757409248214055,0.0,1.0,0,1,0,0,4,0,-0.579161792940097
3,0,0.04906228549545483,-0.349239344984124,0.0,1.0,0,1,0,0,2,1,0.15592817502233383
3,1,0.8944105620296577,-0.23839261283920474,0.0,1.0,0,0,1,0,3,1,0.15592817502233383
3,1,-0.027787557825836348,-0.3722631209350517,0.0,0.0,0,0,1,0,2,1,-0.579161792940097
1,1,-0.10463740114712752,1.351533615099623,0.0,0.0,0,0,1,0,2,0,-0.579161792940097
1,1,0.04906228549545483,1.5482949876608172,0.0,1.0,1,0,0,0,2,0,0.8910181429847647
1,1,0.4333115021019107,4.267105898653647,0.0,0.0,1,0,0,0,2,0,0.8910181429847647
2,1,1.5860591519212783,-0.08239857945592918,0.0,1.0,0,0,1,0,3,1,0.15592817502233383
3,0,-0.10463740114712752,-0.5743020108589146,1.0,0.0,0,1,0,0,2,0,-0.579161792940097
3,0,-2.025883484179407,-0.05207576519136158,0.0,1.0,0,0,0,0,0,1,1.6261081109471953
1,0,1.7397588385638607,1.3636627408054502,0.0,1.0,0,1,0,0,3,1,0.8910181429847647
1,0,0.8175607187083667,-0.7831925091259359,0.0,1.0,0,1,0,0,3,0,-0.579161792940097
3,1,-0.10463740114712752,-0.5743020108589146,1.0,0.0,1,0,0,0,2,0,-0.579161792940097
2,0,0.5101613454232019,-0.5001795759899716,0.0,1.0,0,1,0,0,3,0,-0.579161792940097
3,0,-1.0268355210026217,-0.05207576519136158,0.0,1.0,0,1,0,0,1,1,3.096288046872057
3,0,-0.33518693111100106,-0.5736281705419242,0.0,1.0,0,1,0,0,2,1,-0.579161792940097
1,1,2.200857898491608,3.3531762767195796,0.0,1.0,0,0,1,0,3,1,0.8910181429847647
1,1,0.4333115021019107,2.8726149255321762,0.0,1.0,1,0,0,0,2,0,0.8910181429847647
1,0,-0.10463740114712752,0.05236948394214903,0.0,1.0,0,1,0,0,2,0,0.15592817502233383
3,0,-0.33518693111100106,-0.7831925091259359,0.0,1.0,0,1,0,0,2,0,1.6261081109471953
2,1,0.8944105620296577,-0.25759706187343084,0.0,1.0,0,0,1,0,3,1,0.15592817502233383
1,0,0.5870111887444931,0.017329787458648674,0.0,0.0,0,1,0,0,3,1,-0.579161792940097
3,1,-0.10463740114712752,-0.5743020108589146,1.0,0.0,1,0,0,0,2,0,-0.579161792940097
1,1,2.585107115098064,1.3180653142353442,0.0,1.0,1,0,0,0,4,1,0.8910181429847647
3,1,1.2018099353148226,-0.5743020108589146,0.0,1.0,1,0,0,0,3,0,-0.579161792940097
2,0,-0.10463740114712752,-0.7831925091259359,0.0,1.0,0,1,0,0,2,0,0.8910181429847647
3,0,-1.7184841108942424,-0.05207576519136158,1.0,0.0,0,0,0,0,0,1,2.361198078909626
3,1,0.4333115021019107,-0.23738185236371911,0.0,1.0,0,0,1,0,2,1,0.15592817502233383
3,0,2.738806801740646,-0.5743020108589146,1.0,0.0,0,1,0,0,4,0,-0.579161792940097
3,0,-0.10463740114712752,-0.5714934444176987,0.0,1.0,0,1,0,0,2,0,-0.579161792940097
3,0,-1.0268355210026217,-0.5271331886695872,0.0,1.0,0,1,0,0,1,0,-0.579161792940097
3,0,-0.7962859910387481,-0.5662159270550299,0.0,1.0,0,1,0,0,2,0,-0.579161792940097
1,0,-0.10463740114712752,-0.08239857945592918,0.0,1.0,0,1,0,0,2,0,-0.579161792940097
3,0,0.27961181545932834,-0.5497068392887654,0.0,0.0,0,1,0,0,2,0,-0.579161792940097
3,0,0.04906228549545483,-0.5271331886695872,0.0,1.0,0,1,0,0,2,0,-0.579161792940097
3,0,-0.5657364610748746,-0.5703721741302267,0.0,1.0,0,1,0,0,2,0,-0.579161792940097
2,0,0.9712604053509489,-0.43279554429093253,0.0,1.0,0,1,0,0,3,0,-0.579161792940097
3,1,-0.5657364610748746,-0.5743020108589146,1.0,0.0,1,0,0,0,2,0,-0.579161792940097
1,1,-0.2583370877897099,1.3420998506617574,0.0,1.0,1,0,0,0,2,0,0.15592817502233383
1,1,-0.7962859910387481,1.6717209708433132,0.0,0.0,0,0,1,0,2,1,0.15592817502233383
2,0,0.5101613454232019,-0.4361647458758845,0.0,0.0,0,1,0,0,3,0,-0.579161792940097
3,1,-0.41203677443229225,-0.5446530369113375,0.0,1.0,1,0,0,0,2,0,-0.579161792940097
3,0,-0.41203677443229225,-0.5703721741302267,0.0,1.0,0,1,0,0,2,0,-0.579161792940097
1,0,-0.10463740114712752,-0.03601680275684657,0.0,0.0,0,1,0,0,2,0,-0.579161792940097
3,0,-0.45046169609293785,-0.5883394523424585,0.0,0.0,0,1,0,0,2,0,-0.579161792940097
1,1,-2.1027333275006983,3.301627492469815,0.0,1.0,1,0,0,0,0,1,1.6261081109471953
1,0,-0.10463740114712752,0.038892677602341205,0.0,1.0,0,1,0,0,2,0,-0.579161792940097
1,1,1.5860591519212783,4.267105898653647,0.0,0.0,0,0,1,0,3,1,0.15592817502233383
3,1,-0.10463740114712752,-0.5743020108589146,1.0,0.0,1,0,0,0,2,0,-0.579161792940097
3,0,-0.10463740114712752,-0.1565210143248722,1.0,0.0,0,1,0,0,2,1,0.15592817502233383
3,0,-0.7962859910387481,-0.7831925091259359,0.0,1.0,0,1,0,0,2,0,1.6261081109471953
2,1,-0.10463740114712752,-0.45031539253268277,1.0,0.0,1,0,0,0,2,0,-0.579161792940097
3,0,-0.10463740114712752,-0.5662159270550299,0.0,1.0,0,1,0,0,2,0,-0.579161792940097
1,0,-2.1857311582876924,3.301627492469815,0.0,1.0,0,0,0,0,0,1,1.6261081109471953
1,1,-0.10463740114712752,2.2055130117116892,0.0,0.0,1,0,0,0,2,0,1.6261081109471953
1,1,-0.9499856776813305,2.1520559116842075,0.0,0.0,0,0,1,0,1,1,0.15592817502233383
2,0,0.04906228549545483,-0.13630580481516047,0.0,0.0,0,1,0,0,2,1,0.15592817502233383
1,1,0.04906228549545483,0.751255097834439,0.0,0.0,1,0,0,0,2,0,0.15592817502233383
1,1,-0.41203677443229225,1.4582241001693454,0.0,0.0,1,0,0,0,2,0,0.15592817502233383
1,1,-0.8731358343600393,4.267105898653647,0.0,0.0,1,0,0,0,1,1,0.15592817502233383
2,1,-0.2583370877897099,-0.08239857945592918,0.0,1.0,0,0,1,0,2,1,-0.579161792940097
3,0,-0.10463740114712752,-0.5703721741302267,0.0,1.0,0,1,0,0,2,0,-0.579161792940097
2,0,1.0481102486722402,-0.07566017628602527,0.0,1.0,0,1,0,0,3,1,0.8910181429847647
3,1,-0.2583370877897099,-0.5714934444176987,0.0,1.0,1,0,0,0,2,0,-0.579161792940097
2,1,-0.41203677443229225,-0.08239857945592918,0.0,1.0,0,0,1,0,2,1,0.15592817502233383
2,0,1.893458525206443,-0.4058419316113169,0.0,1.0,0,0,0,1,3,0,-0.579161792940097
1,1,0.12591212881674602,3.6605606664404524,0.0,1.0,1,0,0,0,2,1,0.15592817502233383
1,1,0.8175607187083667,2.842068396282368,0.0,0.0,0,0,1,0,3,1,0.15592817502233383
3,0,-0.5657364610748746,-0.5877788171987225,0.0,1.0,0,1,0,0,2,0,-0.579161792940097
3,0,-0.1814872444684187,-0.5703721741302267,0.0,1.0,0,1,0,0,2,0,-0.579161792940097
2,1,0.04906228549545483,-0.45031539253268277,1.0,0.0,1,0,0,0,2,0,-0.579161792940097
2,1,-0.5657364610748746,-0.0015377414170822561,0.0,1.0,0,0,1,0,2,1,0.15592817502233383
3,0,-0.10463740114712752,-0.05207576519136158,0.0,1.0,0,1,0,0,2,1,3.831378014834488
1,1,0.5101613454232019,2.8726149255321762,0.0,0.0,1,0,0,0,3,0,0.8910181429847647
3,0,2.4314074284554814,-0.6150693500368333,0.0,1.0,0,1,0,0,4,0,-0.579161792940097
2,1,0.5101613454232019,-0.43279554429093253,0.0,1.0,0,0,1,0,3,0,-0.579161792940097
3,1,0.12591212881674602,-0.22996960887682485,0.0,1.0,0,0,1,0,2,1,0.8910181429847647
1,1,-1.0268355210026217,0.7795563911480353,0.0,0.0,1,0,0,0,1,1,0.15592817502233383
3,1,-0.10463740114712752,-0.1565210143248722,1.0,0.0,1,0,0,0,2,1,0.15592817502233383
1,0,1.2402348569754682,-0.015014547756890076,0.0,1.0,0,1,0,0,3,0,-0.579161792940097
1,0,0.6638610320657843,3.3531762767195796,0.0,1.0,0,1,0,0,3,1,0.8910181429847647
3,0,-1.0268355210026217,-0.2980274808928543,0.0,1.0,0,1,0,0,1,1,0.15592817502233383
1,1,-0.10463740114712752,2.819157825504695,0.0,1.0,0,0,1,0,2,1,0.15592817502233383
3,0,-0.10463740114712752,-0.5703721741302267,0.0,1.0,0,1,0,0,2,0,-0.579161792940097
1,0,-0.027787557825836348,1.0119180953364657,0.0,1.0,0,1,0,0,2,1,0.15592817502233383
1,1,0.8944105620296577,2.842068396282368,0.0,0.0,1,0,0,0,3,0,0.15592817502233383
3,0,1.2018099353148226,-0.5662159270550299,0.0,1.0,0,1,0,0,3,0,-0.579161792940097
1,0,1.2018099353148226,0.17366074100041942,0.0,1.0,0,1,0,0,3,0,-0.579161792940097
2,0,-2.1027333275006983,-0.08239857945592918,0.0,1.0,0,0,0,0,0,1,0.8910181429847647
1,1,-0.41203677443229225,4.267105898653647,0.0,1.0,1,0,0,0,2,1,1.6261081109471953
2,0,-0.10463740114712752,-0.43279554429093253,0.0,1.0,0,1,0,0,2,0,-0.579161792940097
2,0,-0.33518693111100106,-0.43279554429093253,0.0,1.0,0,1,0,0,2,0,-0.579161792940097
2,0,0.5101613454232019,-0.43279554429093253,0.0,1.0,0,1,0,0,3,0,-0.579161792940097
2,1,-0.41203677443229225,-0.43279554429093253,0.0,1.0,1,0,0,0,2,0,-0.579161792940097
2,1,0.8175607187083667,-0.43279554429093253,0.0,1.0,1,0,0,0,3,0,-0.579161792940097
3,1,-0.10463740114712752,-0.349239344984124,0.0,1.0,0,0,1,0,2,1,-0.579161792940097
3,0,-2.025883484179407,-0.35463006752004717,0.0,1.0,0,0,0,0,0,1,0.15592817502233383
3,0,0.9712604053509489,-0.5497068392887654,0.0,1.0,0,1,0,0,3,0,-0.579161792940097
3,0,-0.48888661775358344,-0.5345454321564816,0.0,1.0,0,1,0,0,2,0,-0.579161792940097
1,0,-0.10463740114712752,0.1601839346606116,0.0,1.0,0,1,0,0,2,0,-0.579161792940097
3,0,-1.1036853643239128,-0.5883394523424585,0.0,0.0,0,1,0,0,1,1,-0.579161792940097
3,0,-0.33518693111100106,-0.3034182034287774,0.0,1.0,0,1,0,0,2,1,0.15592817502233383
3,0,-0.10463740114712752,-0.5884526575157129,0.0,0.0,0,1,0,0,2,0,-0.579161792940097
3,0,-0.10463740114712752,-0.5271331886695872,0.0,1.0,0,1,0,0,2,0,-0.579161792940097
1,1,-0.5657364610748746,0.6992561882529245,0.0,1.0,1,0,0,0,2,1,0.15592817502233383
2,1,0.6638610320657843,-0.43279554429093253,0.0,1.0,1,0,0,0,3,0,-0.579161792940097
3,1,-0.10463740114712752,-0.5708196041007083,1.0,0.0,1,0,0,0,2,0,-0.579161792940097
3,1,-0.10463740114712752,-0.5708196041007083,1.0,0.0,1,0,0,0,2,0,-0.579161792940097
3,0,0.8175607187083667,-0.05207576519136158,0.0,1.0,0,1,0,0,3,1,3.096288046872057
2,0,-0.027787557825836348,-0.03601680275684657,0.0,0.0,0,1,0,0,2,1,-0.579161792940097
3,1,1.2018099353148226,-0.39359960073223543,0.0,0.0,0,0,1,0,3,1,0.15592817502233383
3,0,0.4333115021019107,-0.5931695397346456,0.0,1.0,0,1,0,0,2,0,-0.579161792940097
3,0,-0.10463740114712752,-0.3654115125918934,1.0,0.0,0,1,0,0,2,1,0.15592817502233383
3,0,0.04906228549545483,-0.5877788171987225,0.0,1.0,0,1,0,0,2,0,-0.579161792940097
1,1,2.3545575851341902,1.2450668450151412,0.0,0.0,0,0,1,0,3,1,-0.579161792940097
3,1,-0.10463740114712752,-0.5883394523424585,0.0,0.0,0,0,1,0,2,0,-0.579161792940097
3,1,-0.10463740114712752,-0.5743020108589146,1.0,0.0,1,0,0,0,2,0,-0.579161792940097
1,1,-0.41203677443229225,1.084692849571428,0.0,0.0,0,0,1,0,2,0,0.15592817502233383
1,0,-0.33518693111100106,0.7111615989735106,0.0,0.0,0,1,0,0,2,1,-0.579161792940097
3,0,-0.8731358343600393,-0.6081072318816886,0.0,1.0,0,1,0,0,1,1,-0.579161792940097
3,0,-0.7962859910387481,-0.5662159270550299,0.0,1.0,0,1,0,0,2,0,-0.579161792940097
1,0,-0.5657364610748746,2.8726149255321762,0.0,0.0,0,1,0,0,2,0,0.8910181429847647
3,1,-2.025883484179407,-0.21514512190303622,0.0,1.0,1,0,0,0,0,1,1.6261081109471953
1,1,-0.10463740114712752,1.4316074076482252,0.0,0.0,0,0,1,0,2,1,0.15592817502233383
3,1,-0.5657364610748746,-0.5877788171987225,0.0,1.0,1,0,0,0,2,0,-0.579161792940097
1,0,-0.1814872444684187,4.267105898653647,0.0,0.0,0,1,0,0,2,1,-0.579161792940097
3,0,-0.719436147717457,-0.6750411382489782,0.0,0.0,0,1,0,0,2,0,-0.579161792940097
3,0,-0.7962859910387481,-0.5736281705419242,0.0,1.0,0,1,0,0,2,0,-0.579161792940097
1,1,0.9712604053509489,4.267105898653647,0.0,0.0,1,0,0,0,3,0,1.6261081109471953
3,1,-2.1795831708219895,-0.3588968244072303,0.0,0.0,1,0,0,0,0,1,0.15592817502233383
3,0,0.20276197213803718,-0.5695851286399819,0.0,1.0,0,1,0,0,2,0,-0.579161792940097
1,1,0.4333115021019107,0.6183953502140775,0.0,1.0,0,0,1,0,2,1,0.15592817502233383
3,0,-0.10463740114712752,-0.5703721741302267,0.0,1.0,0,1,0,0,2,0,-0.579161792940097
2,0,-0.8731358343600393,0.4431968677965758,0.0,1.0,0,1,0,0,1,0,2.361198078909626
3,0,-2.1795831708219895,-0.05207576519136158,0.0,1.0,0,0,0,0,0,1,3.096288046872057
2,1,0.5101613454232019,-0.43279554429093253,0.0,1.0,1,0,0,0,3,0,-0.579161792940097
3,0,-0.10463740114712752,-0.5748626460026507,1.0,0.0,0,1,0,0,2,0,-0.579161792940097
2,1,-0.9499856776813305,-0.45974915697054813,0.0,0.0,1,0,0,0,1,0,-0.579161792940097
1,0,0.5101613454232019,2.4512410124279413,0.0,1.0,0,1,0,0,3,1,1.6261081109471953
3,0,-0.6425863043961658,-0.5730675353981882,0.0,1.0,0,1,0,0,2,0,-0.579161792940097
3,0,-0.10463740114712752,-0.5695851286399819,0.0,1.0,0,1,0,0,2,1,-0.579161792940097
1,1,-0.48888661775358344,2.269977967157526,0.0,0.0,1,0,0,0,2,1,0.8910181429847647
3,1,-0.41203677443229225,-0.33306717737635466,0.0,1.0,0,0,1,0,2,1,0.15592817502233383
3,0,-0.5657364610748746,-0.5730675353981882,0.0,1.0,0,1,0,0,2,0,-0.579161792940097
3,1,0.12591212881674602,-0.5714934444176987,0.0,1.0,1,0,0,0,2,0,-0.579161792940097
2,0,1.2786597786361138,-0.08239857945592918,0.0,1.0,0,1,0,0,3,0,0.15592817502233383
2,0,-0.48888661775358344,-0.5001795759899716,0.0,1.0,0,0,0,1,2,0,-0.579161792940097
2,1,-0.10463740114712752,-0.44222930872879795,0.0,1.0,0,0,1,0,2,0,-0.579161792940097
3,0,0.7407108753870755,-0.5695851286399819,0.0,1.0,0,1,0,0,3,0,-0.579161792940097
3,0,-0.2583370877897099,-0.5662159270550299,0.0,1.0,0,1,0,0,2,0,-0.579161792940097
3,1,-0.6425863043961658,-0.5183732645487122,0.0,1.0,1,0,0,0,2,1,-0.579161792940097
3,0,-0.10463740114712752,-0.35597774815402794,0.0,1.0,0,1,0,0,2,1,0.15592817502233383
3,1,-0.719436147717457,-0.5497068392887654,0.0,1.0,1,0,0,0,2,0,-0.579161792940097
2,0,0.35646165878061953,-0.21716664285400739,0.0,1.0,0,1,0,0,2,1,-0.579161792940097
3,0,1.6629089952425695,-0.5743020108589146,0.0,1.0,0,1,0,0,3,0,-0.579161792940097
2,0,-2.025883484179407,-0.2778122713831426,0.0,1.0,0,0,0,0,0,1,0.8910181429847647
3,0,-0.6425863043961658,-0.5736281705419242,0.0,1.0,0,1,0,0,2,0,-0.579161792940097
3,1,-0.10463740114712752,-0.09677294109796822,0.0,1.0,1,0,0,0,2,1,1.6261081109471953
3,0,-0.10463740114712752,-0.5703721741302267,0.0,1.0,0,1,0,0,2,0,-0.579161792940097
3,0,-0.10463740114712752,-0.5983365472853279,1.0,0.0,0,1,0,0,2,0,-0.579161792940097
1,1,0.27961181545932834,1.642632632039472,1.0,0.0,1,0,0,0,2,1,0.15592817502233383
2,0,-0.10463740114712752,-0.7831925091259359,0.0,1.0,0,1,0,0,2,0,0.8910181429847647
3,0,1.1249600919935314,-0.5695851286399819,0.0,1.0,0,1,0,0,3,0,-0.579161792940097
3,1,-0.10463740114712752,-0.5662159270550299,0.0,1.0,0,0,1,0,2,0,-0.579161792940097
2,1,0.35646165878061953,0.09279990296157249,0.0,1.0,0,0,1,0,2,1,-0.579161792940097
2,1,-0.8731358343600393,-0.43279554429093253,0.0,1.0,1,0,0,0,1,1,-0.579161792940097
2,0,0.04906228549545483,-0.43279554429093253,0.0,1.0,0,1,0,0,2,0,-0.579161792940097
3,1,-1.4879345809303688,-0.13226276291321815,0.0,1.0,1,0,0,0,0,1,0.8910181429847647
3,0,-0.10463740114712752,-0.5703721741302267,0.0,0.0,0,1,0,0,2,0,-0.579161792940097
3,0,-0.6425863043961658,-0.5747521361906642,1.0,0.0,0,1,0,0,2,0,-0.579161792940097
3,0,-0.027787557825836348,-0.5709328092739627,0.0,1.0,0,1,0,0,2,0,-0.579161792940097
3,1,-0.10463740114712752,-0.3950604865394706,0.0,1.0,0,0,1,0,2,1,0.15592817502233383
3,0,-0.8731358343600393,-0.23839261283920474,0.0,1.0,0,1,0,0,1,1,0.15592817502233383
3,0,-0.10463740114712752,-0.5877788171987225,0.0,1.0,0,1,0,0,2,0,-0.579161792940097
2,1,-0.10463740114712752,-0.08239857945592918,0.0,1.0,0,0,1,0,2,1,-0.579161792940097
2,1,-0.7962859910387481,-0.08239857945592918,0.0,1.0,1,0,0,0,2,0,0.15592817502233383
3,0,-0.10463740114712752,-0.5743020108589146,1.0,0.0,0,1,0,0,2,0,-0.579161792940097
3,0,0.20276197213803718,-0.5662159270550299,0.0,1.0,0,1,0,0,2,0,-0.579161792940097
1,0,-0.10463740114712752,-0.06757409248214055,0.0,1.0,0,1,0,0,2,0,-0.579161792940097
3,1,-0.10463740114712752,-0.349239344984124,0.0,1.0,0,0,1,0,2,1,0.15592817502233383
2,1,0.9712604053509489,-0.08239857945592918,0.0,1.0,0,0,1,0,3,1,-0.579161792940097
3,0,-0.9499856776813305,-0.5911480187836744,0.0,1.0,0,1,0,0,1,0,-0.579161792940097
1,0,1.5860591519212783,0.7235144396645784,0.0,1.0,0,1,0,0,3,1,0.15592817502233383
1,1,-1.180535207645204,2.4512410124279413,0.0,1.0,1,0,0,0,1,1,1.6261081109471953
3,1,-0.6425863043961658,-0.05207576519136158,0.0,1.0,1,0,0,0,2,1,1.6261081109471953
2,1,-0.41203677443229225,-0.2778122713831426,0.0,1.0,0,0,1,0,2,1,0.8910181429847647
1,0,2.661956958419355,4.267105898653647,0.0,1.0,0,1,0,0,4,1,1.6261081109471953
2,0,0.12591212881674602,-0.5001795759899716,0.0,1.0,0,1,0,0,2,0,-0.579161792940097
2,1,1.2018099353148226,-0.07566017628602527,0.0,1.0,0,0,1,0,3,1,0.8910181429847647
3,0,-0.719436147717457,-0.5271331886695872,0.0,1.0,0,1,0,0,2,0,-0.579161792940097
3,0,-0.33518693111100106,-0.5736281705419242,0.0,1.0,0,1,0,0,2,1,-0.579161792940097
2,1,-0.10463740114712752,-0.43279554429093253,0.0,1.0,1,0,0,0,2,0,-0.579161792940097
3,0,-0.10463740114712752,-0.564531326262554,0.0,1.0,0,1,0,0,2,0,-0.579161792940097
1,0,-1.949033640858116,1.4231844036858452,0.0,1.0,0,0,0,0,0,1,-0.579161792940097
2,1,-1.2573850509664952,-0.25759706187343084,0.0,1.0,1,0,0,0,1,1,0.15592817502233383
1,0,0.35646165878061953,-0.06757409248214055,0.0,1.0,0,1,0,0,2,0,-0.579161792940097
3,1,-1.8721837975368247,-0.264111750058094,0.0,0.0,1,0,0,0,0,1,1.6261081109471953
1,0,1.7397588385638607,0.038892677602341205,0.0,1.0,0,0,0,1,3,0,-0.579161792940097
2,0,0.5101613454232019,-0.03522975726660181,0.0,1.0,0,1,0,0,3,1,0.8910181429847647
3,0,-0.10463740114712752,-0.24501781083585425,0.0,1.0,0,1,0,0,2,1,-0.579161792940097
1,0,0.04906228549545483,-0.03522975726660181,0.0,0.0,0,1,0,0,2,0,-0.579161792940097
1,0,1.5092093085999871,1.6184875858010723,0.0,0.0,0,1,0,0,3,1,0.15592817502233383
3,0,-0.10463740114712752,-0.5662159270550299,0.0,1.0,0,1,0,0,2,0,-0.579161792940097
3,0,-0.027787557825836348,-0.5703721741302267,0.0,0.0,0,1,0,0,2,0,-0.579161792940097
1,0,2.738806801740646,-0.06757409248214055,0.0,1.0,0,1,0,0,4,0,-0.579161792940097
1,1,-0.10463740114712752,0.6146892284706302,0.0,1.0,0,0,1,0,2,1,-0.579161792940097
2,1,1.5860591519212783,-0.5001795759899716,0.0,1.0,1,0,0,0,3,0,-0.579161792940097
3,0,-0.10463740114712752,-0.5743020108589146,1.0,0.0,0,1,0,0,2,0,-0.579161792940097
1,0,1.432359465278696,-0.06757409248214055,0.0,1.0,0,1,0,0,3,0,-0.579161792940097
3,0,0.35646165878061953,-0.5662159270550299,0.0,1.0,0,1,0,0,2,0,-0.579161792940097
1,0,1.3555096219574048,0.2545215790392663,0.0,1.0,0,1,0,0,3,0,-0.579161792940097
2,0,1.432359465278696,-0.43279554429093253,0.0,1.0,0,1,0,0,3,0,-0.579161792940097
3,0,-0.10463740114712752,-0.5662159270550299,0.0,1.0,0,1,0,0,2,0,-0.579161792940097
3,0,0.6638610320657843,-0.5931695397346456,0.0,1.0,0,1,0,0,3,0,-0.579161792940097
2,0,-0.10463740114712752,-0.7831925091259359,0.0,1.0,0,1,0,0,2,0,0.8910181429847647
1,0,2.0471582118490255,-0.06757409248214055,0.0,1.0,0,1,0,0,3,0,-0.579161792940097
3,0,-0.10463740114712752,-0.5749758511759051,1.0,0.0,0,1,0,0,2,0,-0.579161792940097
3,1,-2.1987956316523123,-0.264111750058094,0.0,0.0,1,0,0,0,0,1,1.6261081109471953
3,0,-0.10463740114712752,-0.5877788171987225,0.0,1.0,0,1,0,0,2,0,-0.579161792940097
3,0,0.6638610320657843,-0.5497068392887654,0.0,1.0,0,1,0,0,3,0,-0.579161792940097
2,1,0.27961181545932834,-0.03522975726660181,0.0,1.0,0,0,1,0,2,1,0.8910181429847647
2,1,-0.48888661775358344,-0.4114563691324808,0.0,0.0,0,0,1,0,2,0,-0.579161792940097
3,1,-0.5657364610748746,-0.518036344390217,0.0,1.0,1,0,0,0,2,0,-0.579161792940097
1,0,-0.10463740114712752,0.6183953502140775,0.0,1.0,0,1,0,0,2,0,0.15592817502233383
2,0,0.35646165878061953,-0.21716664285400739,0.0,1.0,0,1,0,0,2,1,0.15592817502233383
3,0,-0.027787557825836348,-0.5932827449079,0.0,1.0,0,1,0,0,2,1,-0.579161792940097
3,0,-0.5657364610748746,-0.5804797788850825,0.0,1.0,0,1,0,0,2,0,-0.579161792940097
3,1,-2.1027333275006983,-0.4519999933251587,0.0,1.0,1,0,0,0,0,1,-0.579161792940097
3,0,-1.56478442425166,-0.05207576519136158,0.0,1.0,0,0,0,0,0,1,3.096288046872057
2,0,-0.10463740114712752,-0.7831925091259359,0.0,1.0,0,1,0,0,2,0,-0.579161792940097
3,0,1.5860591519212783,-0.5662159270550299,0.0,1.0,0,1,0,0,3,0,-0.579161792940097
3,1,2.585107115098064,-0.5247747475601209,0.0,1.0,0,0,1,0,4,0,-0.579161792940097
1,0,-0.33518693111100106,1.6717209708433132,0.0,0.0,0,1,0,0,2,1,0.15592817502233383
3,1,-0.10463740114712752,-0.09677294109796822,0.0,1.0,1,0,0,0,2,1,1.6261081109471953
1,1,0.4333115021019107,1.642632632039472,0.0,1.0,0,0,1,0,2,1,0.15592817502233383
1,0,2.200857898491608,0.017329787458648674,0.0,0.0,0,1,0,0,3,0,-0.579161792940097
3,0,0.04906228549545483,-0.5662159270550299,0.0,1.0,0,1,0,0,2,0,-0.579161792940097
3,0,-1.56478442425166,-0.35463006752004717,0.0,1.0,0,0,0,0,0,1,0.15592817502233383
3,0,-0.10463740114712752,-0.24501781083585425,0.0,1.0,0,1,0,0,2,1,-0.579161792940097
3,0,-0.6425863043961658,-0.5877788171987225,0.0,1.0,0,1,0,0,2,0,-0.579161792940097
1,0,1.9703083685277343,0.038892677602341205,0.0,1.0,0,1,0,0,3,0,-0.579161792940097
1,0,3.1999058616683933,0.5511245236882927,0.0,0.0,0,1,0,0,4,0,-0.579161792940097
3,0,-0.6425863043961658,-0.5662159270550299,0.0,1.0,0,1,0,0,2,0,-0.579161792940097
3,0,-0.10463740114712752,-0.39348909092024903,0.0,0.0,0,1,0,0,2,0,0.15592817502233383
1,1,1.893458525206443,1.3263778083857378,0.0,0.0,1,0,0,0,3,1,0.15592817502233383
3,0,-0.10463740114712752,-0.37619295766373967,0.0,1.0,0,1,0,0,2,0,-0.579161792940097
1,1,-0.33518693111100106,3.301627492469815,0.0,1.0,0,0,1,0,2,1,1.6261081109471953
3,0,-0.41203677443229225,-0.5730675353981882,0.0,1.0,0,1,0,0,2,0,-0.579161792940097
3,0,-0.9499856776813305,-0.5497068392887654,0.0,1.0,0,1,0,0,1,0,-0.579161792940097
3,1,-0.6425863043961658,-0.5743020108589146,1.0,0.0,1,0,0,0,2,0,-0.579161792940097
3,1,-0.10463740114712752,-0.5775580072706121,1.0,0.0,1,0,0,0,2,0,-0.579161792940097
3,1,0.5870111887444931,-0.5247747475601209,0.0,1.0,1,0,0,0,3,0,-0.579161792940097
1,1,-1.0268355210026217,1.5482949876608172,0.0,1.0,1,0,0,0,1,0,0.8910181429847647
1,0,-0.8731358343600393,2.1520559116842075,0.0,0.0,0,1,0,0,1,1,0.15592817502233383
2,1,0.27961181545932834,-0.08239857945592918,0.0,1.0,0,0,1,0,2,1,0.15592817502233383
1,0,-0.10463740114712752,-0.06757409248214055,0.0,1.0,0,1,0,0,2,0,-0.579161792940097
3,0,-0.10463740114712752,-0.17606238351759357,0.0,1.0,0,1,0,0,2,0,-0.579161792940097
3,0,-0.2583370877897099,-0.05207576519136158,0.0,1.0,0,1,0,0,2,0,3.831378014834488
3,0,-0.027787557825836348,-0.5743020108589146,1.0,0.0,0,1,0,0,2,0,-0.579161792940097
3,0,-0.10463740114712752,-0.5662159270550299,0.0,1.0,0,1,0,0,2,0,-0.579161792940097
1,0,0.5101613454232019,-0.07464941581053965,0.0,1.0,0,1,0,0,3,0,-0.579161792940097
1,1,1.893458525206443,0.8178520840432332,0.0,0.0,0,0,1,0,3,1,-0.579161792940097
3,0,-0.41203677443229225,-0.581153619202073,0.0,1.0,0,1,0,0,2,0,-0.579161792940097
1,0,1.3555096219574048,0.133790957124732,0.0,1.0,0,1,0,0,3,0,-0.579161792940097
2,1,0.35646165878061953,-0.5001795759899716,0.0,1.0,0,0,1,0,2,0,-0.579161792940097
3,0,-0.10463740114712752,-0.13226276291321815,1.0,0.0,0,1,0,0,2,0,0.8910181429847647
2,1,0.5101613454232019,-0.08239857945592918,0.0,1.0,0,0,1,0,3,1,-0.579161792940097
3,0,0.20276197213803718,-0.5703721741302267,0.0,1.0,0,1,0,0,2,0,-0.579161792940097
1,1,0.04906228549545483,1.7369702764181267,0.0,1.0,1,0,0,0,2,0,0.15592817502233383
3,0,-0.5657364610748746,-0.5703721741302267,0.0,1.0,0,1,0,0,2,0,-0.579161792940097
3,0,-0.10463740114712752,-0.5884526575157129,0.0,0.0,0,1,0,0,2,0,-0.579161792940097
1,1,1.1249600919935314,0.7795563911480353,0.0,0.0,0,0,1,0,3,1,0.15592817502233383
3,0,-0.10463740114712752,-0.5883394523424585,0.0,0.0,0,1,0,0,2,0,-0.579161792940097
3,0,0.8559856403690123,-0.5743020108589146,1.0,0.0,0,1,0,0,3,0,-0.579161792940097
2,1,1.5860591519212783,-0.5001795759899716,0.0,1.0,1,0,0,0,3,0,-0.579161792940097
1,0,-0.10463740114712752,4.267105898653647,0.0,1.0,0,1,0,0,2,0,-0.579161792940097
3,0,0.7407108753870755,-0.5695851286399819,0.0,1.0,0,1,0,0,3,0,-0.579161792940097
2,0,-0.48888661775358344,-0.473225963310356,0.0,1.0,0,1,0,0,2,1,-0.579161792940097
2,1,-2.1027333275006983,-0.08239857945592918,0.0,1.0,1,0,0,0,0,1,0.15592817502233383
3,0,-0.10463740114712752,-0.5883394523424585,0.0,0.0,0,1,0,0,2,0,-0.579161792940097
3,0,-0.9499856776813305,-0.5883394523424585,0.0,0.0,0,1,0,0,1,1,-0.579161792940097
3,1,-0.10463740114712752,-0.18055555075128546,0.0,0.0,0,0,1,0,2,1,0.15592817502233383
3,1,0.04906228549545483,-0.5497068392887654,0.0,1.0,1,0,0,0,2,0,-0.579161792940097
2,1,-1.7184841108942424,-0.07566017628602527,0.0,1.0,1,0,0,0,0,1,0.8910181429847647
1,0,1.2018099353148226,-0.06757409248214055,0.0,1.0,0,0,0,1,3,0,-0.579161792940097
1,1,0.04906228549545483,2.0853457203021586,0.0,0.0,1,0,0,0,2,0,0.15592817502233383
3,0,-0.10463740114712752,-0.3923651252715091,0.0,1.0,0,1,0,0,2,0,-0.579161792940097
1,1,-0.5657364610748746,0.5510113185150384,0.0,0.0,1,0,0,0,2,1,-0.579161792940097
1,1,0.5101613454232019,1.1305139911267748,0.0,1.0,1,0,0,0,3,1,0.15592817502233383
3,1,-1.56478442425166,-0.05207576519136158,0.0,1.0,1,0,0,0,0,1,3.831378014834488
3,1,-1.4110847376090776,-0.05207576519136158,0.0,1.0,1,0,0,0,0,1,3.831378014834488
2,0,0.20276197213803718,-0.08239857945592918,0.0,1.0,0,1,0,0,2,1,0.15592817502233383
1,0,1.5860591519212783,2.0853457203021586,0.0,0.0,0,1,0,0,3,1,0.15592817502233383
1,0,2.661956958419355,-0.08239857945592918,0.0,1.0,0,1,0,0,4,0,-0.579161792940097
2,1,-0.7962859910387481,-0.08239857945592918,0.0,1.0,0,0,1,0,2,1,0.15592817502233383
2,0,-0.10463740114712752,-0.409548053354764,0.0,0.0,0,1,0,0,2,0,-0.579161792940097
3,0,0.27961181545932834,-0.22996960887682485,0.0,1.0,0,1,0,0,2,1,0.8910181429847647
2,0,-1.6416342675729512,0.20735275684993895,0.0,1.0,0,0,0,0,0,1,0.15592817502233383
1,0,-0.9499856776813305,2.2055130117116892,0.0,0.0,0,1,0,0,1,1,1.6261081109471953
2,0,-0.1814872444684187,-0.08239857945592918,0.0,1.0,0,1,0,0,2,0,-0.579161792940097
3,0,-0.10463740114712752,-0.572167284734689,1.0,0.0,0,1,0,0,2,0,-0.579161792940097
3,0,-0.5657364610748746,-0.5884526575157129,0.0,0.0,0,1,0,0,2,0,-0.579161792940097
3,1,-0.5657364610748746,-0.5736281705419242,0.0,1.0,1,0,0,0,2,0,-0.579161792940097
1,0,2.5082572717767726,-0.06757409248214055,0.0,1.0,0,1,0,0,4,0,-0.579161792940097
1,1,1.432359465278696,0.28417055298684357,0.0,0.0,1,0,0,0,3,1,-0.579161792940097
1,0,-0.10463740114712752,4.267105898653647,0.0,0.0,0,1,0,0,2,0,1.6261081109471953
1,1,0.7407108753870755,1.3636627408054502,0.0,1.0,0,0,1,0,3,1,0.8910181429847647
3,1,0.5101613454232019,-0.3141996485006237,0.0,1.0,0,0,1,0,3,1,-0.579161792940097
3,0,-0.10463740114712752,-0.5743020108589146,1.0,0.0,0,1,0,0,2,0,-0.579161792940097
3,0,0.8175607187083667,-0.5703721741302267,0.0,1.0,0,1,0,0,3,0,-0.579161792940097
2,0,-0.10463740114712752,-0.4193187379511247,0.0,1.0,0,1,0,0,2,0,-0.579161792940097
3,0,-0.10463740114712752,-0.5662159270550299,0.0,1.0,0,1,0,0,2,0,-0.579161792940097
3,1,-0.10463740114712752,-0.5662159270550299,0.0,1.0,1,0,0,0,2,0,-0.579161792940097
3,0,-0.41203677443229225,-0.13226276291321815,0.0,1.0,0,1,0,0,2,1,0.15592817502233383
3,0,-0.7962859910387481,-0.5703721741302267,0.0,1.0,0,1,0,0,2,0,-0.579161792940097
3,1,-0.027787557825836348,-0.21514512190303622,0.0,1.0,0,0,1,0,2,1,1.6261081109471953
3,0,-0.10463740114712752,-0.5883394523424585,0.0,0.0,0,1,0,0,2,0,-0.579161792940097
3,0,0.20276197213803718,-0.5714934444176987,0.0,1.0,0,1,0,0,2,0,-0.579161792940097
2,0,2.5082572717767726,-0.5001795759899716,0.0,1.0,0,1,0,0,4,0,-0.579161792940097
1,1,1.816608681885152,0.6043579087305336,0.0,1.0,0,0,1,0,3,1,-0.579161792940097
1,0,0.5101613454232019,-0.07195405454257814,0.0,1.0,0,1,0,0,3,0,-0.579161792940097
3,1,-0.10463740114712752,-0.5743020108589146,1.0,0.0,1,0,0,0,2,0,-0.579161792940097
3,0,-1.0268355210026217,-0.5662159270550299,0.0,1.0,0,1,0,0,1,0,-0.579161792940097
3,0,-0.7962859910387481,-0.3923651252715091,0.0,1.0,0,1,0,0,2,0,0.15592817502233383
2,1,0.35646165878061953,-0.43279554429093253,0.0,1.0,1,0,0,0,2,0,-0.579161792940097
1,1,0.7407108753870755,0.7235144396645784,0.0,1.0,0,0,1,0,3,1,0.15592817502233383
3,1,-0.10463740114712752,-0.39348909092024903,0.0,0.0,0,0,1,0,2,1,-0.579161792940097
3,0,0.20276197213803718,-0.5695851286399819,0.0,1.0,0,1,0,0,2,0,-0.579161792940097
2,1,-0.33518693111100106,0.025415871262533384,0.0,1.0,1,0,0,0,2,1,-0.579161792940097
1,1,0.7407108753870755,2.2055130117116892,0.0,0.0,0,0,1,0,3,1,1.6261081109471953
2,0,1.893458525206443,-0.08239857945592918,0.0,1.0,0,1,0,0,3,0,0.15592817502233383
1,0,0.5101613454232019,0.29832119964364173,0.0,0.0,0,1,0,0,3,0,-0.579161792940097
3,0,-0.10463740114712752,-0.5483591586547846,0.0,0.0,0,1,0,0,2,0,-0.579161792940097
1,1,-0.8731358343600393,1.3636627408054502,0.0,1.0,1,0,0,0,1,1,0.8910181429847647
2,0,1.3555096219574048,-0.3788883189317012,0.0,1.0,0,1,0,0,3,0,-0.579161792940097
1,0,2.3545575851341902,1.351533615099623,0.0,0.0,0,1,0,0,3,1,-0.579161792940097
3,0,-0.5657364610748746,-0.5662159270550299,0.0,1.0,0,1,0,0,2,0,-0.579161792940097
3,0,-0.10463740114712752,-0.5662159270550299,0.0,1.0,0,1,0,0,2,0,-0.579161792940097
3,0,0.4333115021019107,-0.5911480187836744,0.0,1.0,0,1,0,0,2,0,-0.579161792940097
1,1,1.7397588385638607,1.3263778083857378,0.0,0.0,0,0,1,0,3,1,0.15592817502233383
3,0,1.3555096219574048,-0.5877788171987225,0.0,1.0,0,1,0,0,3,0,-0.579161792940097
3,1,-0.10463740114712752,-0.5743020108589146,1.0,0.0,1,0,0,0,2,1,-0.579161792940097
2,0,0.5870111887444931,-0.08239857945592918,0.0,1.0,0,1,0,0,3,1,-0.579161792940097
3,0,0.5101613454232019,-0.13226276291321815,0.0,1.0,0,1,0,0,3,1,0.8910181429847647
2,1,-0.10463740114712752,0.1062767093013803,0.0,1.0,1,0,0,0,2,0,0.8910181429847647
3,0,1.5092093085999871,-0.7831925091259359,0.0,1.0,0,1,0,0,3,0,1.6261081109471953
3,0,-0.10463740114712752,-0.5884526575157129,0.0,0.0,0,1,0,0,2,0,-0.579161792940097
1,0,1.5092093085999871,0.751255097834439,0.0,0.0,0,1,0,0,3,1,0.15592817502233383
2,1,-0.41203677443229225,-0.05544496677631354,0.0,1.0,0,0,1,0,2,1,0.15592817502233383
3,0,-0.10463740114712752,-0.5703721741302267,0.0,1.0,0,1,0,0,2,0,-0.579161792940097
1,0,-0.10463740114712752,0.3596406684897673,0.0,1.0,0,1,0,0,2,0,-0.579161792940097
3,0,1.1249600919935314,-0.5662159270550299,0.0,1.0,0,1,0,0,3,0,-0.579161792940097
1,0,0.4333115021019107,-0.06757409248214055,0.0,0.0,0,1,0,0,2,0,-0.579161792940097
3,0,0.5101613454232019,-0.3640638319579126,0.0,1.0,0,1,0,0,3,1,-0.579161792940097
3,0,0.04906228549545483,-0.5703721741302267,0.0,1.0,0,1,0,0,2,0,-0.579161792940097
1,0,-0.1814872444684187,0.038892677602341205,0.0,1.0,0,1,0,0,2,0,-0.579161792940097
2,1,-0.5657364610748746,0.33751714320233883,0.0,0.0,0,0,1,0,2,1,0.8910181429847647
1,1,0.8175607187083667,3.3531762767195796,0.0,1.0,1,0,0,0,3,0,0.8910181429847647
3,1,0.7407108753870755,-0.05207576519136158,0.0,1.0,0,0,1,0,3,1,3.831378014834488
3,0,-0.10463740114712752,-0.5931695397346456,0.0,1.0,0,1,0,0,2,0,-0.579161792940097
3,1,-0.10463740114712752,-0.3654115125918934,1.0,0.0,1,0,0,0,2,1,0.15592817502233383
3,0,-0.10463740114712752,-0.5743020108589146,1.0,0.0,0,1,0,0,2,0,-0.579161792940097
3,0,0.4333115021019107,-0.5662159270550299,0.0,1.0,0,1,0,0,2,0,-0.579161792940097
2,1,-0.41203677443229225,0.4431968677965758,0.0,1.0,1,0,0,0,2,1,0.15592817502233383
3,0,0.35646165878061953,-0.3950604865394706,0.0,1.0,0,1,0,0,2,1,0.15592817502233383
3,1,-0.2583370877897099,-0.349239344984124,0.0,1.0,0,0,1,0,2,1,0.15592817502233383
2,1,-1.949033640858116,0.26799838537907417,0.0,1.0,1,0,0,0,0,1,0.15592817502233383
2,0,-0.2583370877897099,-0.5001795759899716,0.0,1.0,0,1,0,0,2,0,-0.579161792940097
3,0,-0.1814872444684187,-0.39359960073223543,0.0,0.0,0,1,0,0,2,1,0.15592817502233383
1,0,0.9712604053509489,0.6333330423611205,0.0,1.0,0,1,0,0,3,1,-0.579161792940097
3,0,-0.719436147717457,-0.3588968244072303,0.0,0.0,0,1,0,0,2,1,0.15592817502233383
3,0,-0.6425863043961658,-0.5714934444176987,0.0,1.0,0,1,0,0,2,0,-0.579161792940097
3,0,-0.6425863043961658,-0.349239344984124,0.0,1.0,0,1,0,0,2,0,0.15592817502233383
1,0,2.4314074284554814,0.08796981556938532,0.0,1.0,0,1,0,0,4,0,-0.579161792940097
2,0,2.1240080551703167,-0.45031539253268277,1.0,0.0,0,0,0,1,3,0,-0.579161792940097
1,1,-0.6425863043961658,1.3180653142353442,0.0,1.0,1,0,0,0,2,0,0.8910181429847647
3,0,-0.2583370877897099,-0.5703721741302267,0.0,1.0,0,1,0,0,2,0,-0.579161792940097
3,0,-0.10463740114712752,-0.5747521361906642,1.0,0.0,0,1,0,0,2,0,-0.579161792940097
1,0,3.8915544515600136,0.025415871262533384,0.0,1.0,0,1,0,0,4,0,-0.579161792940097
3,0,1.6629089952425695,-0.5930563345613913,0.0,1.0,0,1,0,0,3,0,-0.579161792940097
1,0,0.20276197213803718,0.038892677602341205,0.0,0.0,0,0,0,1,2,0,-0.579161792940097
1,0,-0.10463740114712752,-0.7831925091259359,0.0,1.0,0,1,0,0,2,0,-0.579161792940097
3,1,-1.56478442425166,-0.05207576519136158,0.0,1.0,1,0,0,0,0,1,3.096288046872057
2,1,-0.10463740114712752,-0.43279554429093253,0.0,1.0,1,0,0,0,2,0,-0.579161792940097
3,0,0.20276197213803718,-0.5695851286399819,0.0,1.0,0,1,0,0,2,0,-0.579161792940097
2,0,0.12591212881674602,-0.07566017628602527,0.0,1.0,0,1,0,0,2,1,0.8910181429847647
3,1,0.8944105620296577,-0.05207576519136158,0.0,1.0,0,0,1,0,3,1,3.096288046872057
3,0,-0.10463740114712752,-0.349239344984124,0.0,1.0,0,1,0,0,2,1,0.15592817502233383
3,0,-0.719436147717457,-0.5714934444176987,0.0,1.0,0,1,0,0,2,0,-0.579161792940097
1,1,-0.41203677443229225,1.084692849571428,0.0,0.0,1,0,0,0,2,0,0.15592817502233383
3,1,-2.1027333275006983,-0.05207576519136158,0.0,1.0,1,0,0,0,0,1,3.096288046872057
3,0,-0.10463740114712752,-0.05207576519136158,0.0,1.0,0,1,0,0,2,0,3.831378014834488
3,1,-2.1987956316523123,-0.264111750058094,0.0,0.0,1,0,0,0,0,1,1.6261081109471953
1,0,1.432359465278696,1.2849366288908288,0.0,0.0,0,1,0,0,3,1,0.8910181429847647
3,0,-0.7962859910387481,-0.5703721741302267,0.0,1.0,0,1,0,0,2,0,-0.579161792940097
1,0,2.0471582118490255,0.17366074100041942,0.0,0.0,0,0,0,1,3,0,-0.579161792940097
3,0,-0.10463740114712752,-0.5796927333948377,0.0,1.0,0,1,0,0,2,0,-0.579161792940097
3,1,-0.48888661775358344,-0.5796927333948377,0.0,1.0,1,0,0,0,2,0,-0.579161792940097
3,0,-0.10463740114712752,-0.5703721741302267,0.0,1.0,0,1,0,0,2,0,-0.579161792940097
2,1,-0.8731358343600393,-0.1632594174947761,0.0,1.0,1,0,0,0,1,1,0.15592817502233383
3,0,-0.6425863043961658,-0.5558846073149333,0.0,1.0,0,1,0,0,2,0,-0.579161792940097
3,1,-0.10463740114712752,-0.572167284734689,1.0,0.0,1,0,0,0,2,0,-0.579161792940097
3,1,-0.8731358343600393,-0.6012556235385302,1.0,0.0,1,0,0,0,1,0,-0.579161792940097
2,0,-0.41203677443229225,0.4431968677965758,0.0,1.0,0,1,0,0,2,1,2.361198078909626
3,0,-0.10463740114712752,-0.5703721741302267,0.0,1.0,0,1,0,0,2,0,-0.579161792940097
3,1,0.20276197213803718,-0.3654115125918934,1.0,0.0,0,0,1,0,2,1,0.15592817502233383
2,0,-0.48888661775358344,-0.43279554429093253,0.0,1.0,0,1,0,0,2,0,-0.579161792940097
1,0,2.200857898491608,2.269977967157526,0.0,0.0,0,1,0,0,3,1,0.8910181429847647
1,0,1.5860591519212783,2.819157825504695,0.0,1.0,0,0,0,1,3,1,0.15592817502233383
3,0,0.8175607187083667,-0.5884526575157129,0.0,0.0,0,1,0,0,3,0,-0.579161792940097
1,0,1.3555096219574048,-0.09351694468627067,0.0,1.0,0,1,0,0,3,0,-0.579161792940097
3,0,0.5101613454232019,-0.581153619202073,0.0,1.0,0,1,0,0,3,0,-0.579161792940097
3,0,-0.719436147717457,-0.5695851286399819,0.0,1.0,0,1,0,0,2,1,-0.579161792940097
2,0,0.20276197213803718,0.4431968677965758,0.0,1.0,0,1,0,0,2,1,2.361198078909626
2,0,-0.33518693111100106,-0.43279554429093253,0.0,1.0,0,1,0,0,2,0,-0.579161792940097
3,0,-0.10463740114712752,-0.5736281705419242,0.0,1.0,0,1,0,0,2,0,-0.579161792940097
3,0,1.0481102486722402,-0.5662159270550299,0.0,1.0,0,1,0,0,3,0,-0.579161792940097
1,1,-0.10463740114712752,0.6183953502140775,0.0,1.0,0,0,1,0,2,1,0.15592817502233383
2,1,0.8175607187083667,0.26799838537907417,0.0,1.0,0,0,1,0,3,1,0.15592817502233383
1,0,0.12591212881674602,0.6183953502140775,0.0,1.0,0,1,0,0,2,1,-0.579161792940097
2,0,3.123056018347102,-0.5001795759899716,0.0,1.0,0,1,0,0,4,0,-0.579161792940097
2,0,0.12591212881674602,-0.43279554429093253,0.0,1.0,0,1,0,0,2,0,-0.579161792940097
2,0,-0.10463740114712752,-0.7831925091259359,0.0,1.0,0,1,0,0,2,0,-0.579161792940097
3,0,-0.8731358343600393,-0.5736281705419242,0.0,1.0,0,1,0,0,1,0,-0.579161792940097
3,0,-0.37361185277164666,-0.5662159270550299,0.0,1.0,0,1,0,0,2,0,-0.579161792940097
3,1,-0.8731358343600393,-0.5179231392169626,0.0,1.0,1,0,0,0,1,0,-0.579161792940097
3,1,1.0481102486722402,-0.05207576519136158,0.0,1.0,0,0,1,0,3,1,3.096288046872057
1,0,0.5101613454232019,4.267105898653647,0.0,0.0,0,1,0,0,3,1,0.8910181429847647
3,1,-0.10463740114712752,-0.5638574859455636,1.0,0.0,1,0,0,0,2,0,-0.579161792940097
1,0,-0.1814872444684187,1.2849366288908288,0.0,0.0,0,1,0,0,2,0,0.8910181429847647
3,0,-0.719436147717457,-0.5345454321564816,0.0,1.0,0,1,0,0,2,0,-0.579161792940097
3,0,-1.180535207645204,-0.05207576519136158,0.0,1.0,0,1,0,0,1,1,3.096288046872057
2,0,2.3545575851341902,0.26799838537907417,0.0,1.0,0,1,0,0,3,1,0.15592817502233383
2,0,-0.33518693111100106,0.33751714320233883,0.0,0.0,0,1,0,0,2,1,0.8910181429847647
3,0,-1.180535207645204,-0.05207576519136158,0.0,1.0,0,1,0,0,1,1,3.096288046872057
3,0,-0.7962859910387481,-0.5090527052841011,0.0,1.0,0,1,0,0,2,0,-0.579161792940097
3,0,-0.8731358343600393,-0.5730675353981882,0.0,1.0,0,1,0,0,1,0,-0.579161792940097
1,1,-1.1036853643239128,4.267105898653647,0.0,1.0,1,0,0,0,1,1,0.8910181429847647
1,0,0.12591212881674602,0.7531634136121557,0.0,1.0,0,1,0,0,2,1,0.15592817502233383
3,1,-1.949033640858116,-0.4215639738873367,0.0,0.0,1,0,0,0,0,1,-0.579161792940097
3,0,-0.10463740114712752,-0.05207576519136158,0.0,1.0,0,1,0,0,2,0,3.831378014834488
3,0,-0.33518693111100106,-0.5884526575157129,0.0,0.0,0,1,0,0,2,0,-0.579161792940097
1,0,2.3545575851341902,-0.06757409248214055,0.0,1.0,0,0,0,1,3,0,-0.579161792940097
2,0,1.7397588385638607,-0.4193187379511247,0.0,1.0,0,1,0,0,3,0,-0.579161792940097
3,0,1.1249600919935314,-0.5662159270550299,0.0,1.0,0,1,0,0,3,0,-0.579161792940097
3,1,-0.10463740114712752,-0.5747521361906642,1.0,0.0,1,0,0,0,2,0,-0.579161792940097
1,0,1.5092093085999871,2.2055130117116892,0.0,0.0,0,1,0,0,3,1,1.6261081109471953
3,0,0.9712604053509489,-0.5769973721268762,0.0,1.0,0,1,0,0,3,0,-0.579161792940097
1,1,-0.8731358343600393,4.267105898653647,0.0,0.0,0,0,1,0,1,1,1.6261081109471953
1,0,0.4333115021019107,-0.07464941581053965,0.0,1.0,0,1,0,0,2,0,-0.579161792940097
3,1,-0.8731358343600393,-0.39359960073223543,0.0,0.0,1,0,0,0,1,1,0.15592817502233383
3,0,-0.33518693111100106,-0.5745257258441555,1.0,0.0,0,1,0,0,2,0,-0.579161792940097
3,0,-0.2583370877897099,-0.5714934444176987,0.0,1.0,0,1,0,0,2,1,-0.579161792940097
2,0,0.7407108753870755,-0.08239857945592918,0.0,1.0,0,1,0,0,3,0,0.15592817502233383
2,1,1.2018099353148226,-0.4193187379511247,0.0,1.0,0,0,1,0,3,0,-0.579161792940097
1,0,0.9712604053509489,-0.07464941581053965,0.0,1.0,0,1,0,0,3,0,-0.579161792940097
1,1,-0.5657364610748746,3.301627492469815,0.0,1.0,1,0,0,0,2,0,1.6261081109471953
3,0,-0.10463740114712752,-0.3722631209350517,0.0,0.0,0,0,0,0,2,1,0.15592817502233383
1,1,-0.41203677443229225,0.5511245236882927,0.0,0.0,1,0,0,0,2,0,-0.579161792940097
1,0,-0.10463740114712752,-0.06757409248214055,0.0,1.0,0,1,0,0,2,0,-0.579161792940097
1,0,1.432359465278696,0.6183953502140775,0.0,1.0,0,1,0,0,3,1,0.15592817502233383
3,0,-0.027787557825836348,-0.5275833140013368,0.0,1.0,0,1,0,0,2,0,-0.579161792940097
2,0,1.7397588385638607,-0.43279554429093253,0.0,1.0,0,1,0,0,3,0,0.15592817502233383
3,0,-0.7962859910387481,-0.5769973721268762,0.0,1.0,0,1,0,0,2,0,-0.579161792940097
1,1,0.6638610320657843,4.267105898653647,0.0,0.0,1,0,0,0,3,0,1.6261081109471953
2,1,-0.1814872444684187,-0.5001795759899716,0.0,1.0,1,0,0,0,2,0,-0.579161792940097
3,0,-0.10463740114712752,-0.3654115125918934,1.0,0.0,0,1,0,0,2,0,-0.579161792940097
3,0,0.27961181545932834,-0.5736281705419242,0.0,1.0,0,1,0,0,2,0,-0.579161792940097
2,1,-1.7953339542155335,0.1062767093013803,0.0,1.0,1,0,0,0,0,1,0.8910181429847647
3,0,-0.9499856776813305,-0.5930563345613913,0.0,1.0,0,1,0,0,1,1,-0.579161792940097
2,0,0.35646165878061953,-0.43279554429093253,0.0,1.0,0,1,0,0,2,0,-0.579161792940097
2,0,1.5860591519212783,-0.43279554429093253,0.0,1.0,0,1,0,0,3,0,-0.579161792940097
1,0,-0.1814872444684187,0.6480443241616547,0.0,1.0,0,1,0,0,2,1,0.15592817502233383
3,0,-0.719436147717457,-0.5497068392887654,0.0,1.0,0,1,0,0,2,0,-0.579161792940097
2,1,0.04906228549545483,-0.21716664285400739,0.0,1.0,0,0,1,0,2,1,0.15592817502233383
3,1,-0.10463740114712752,-0.5746389310174098,1.0,0.0,1,0,0,0,2,0,-0.579161792940097
2,0,-0.33518693111100106,-0.08239857945592918,0.0,1.0,0,1,0,0,2,1,-0.579161792940097
3,1,-0.33518693111100106,-0.5695851286399819,0.0,1.0,1,0,0,0,2,1,-0.579161792940097
1,1,-0.027787557825836348,4.267105898653647,0.0,1.0,1,0,0,0,2,0,0.8910181429847647
3,0,-1.4110847376090776,-0.276801510907657,0.0,0.0,0,1,0,0,0,0,0.15592817502233383
2,0,-0.10463740114712752,-0.7831925091259359,0.0,1.0,0,1,0,0,2,0,-0.579161792940097
2,0,-0.48888661775358344,-0.43279554429093253,0.0,1.0,0,1,0,0,2,0,-0.579161792940097
2,0,-0.48888661775358344,-0.43279554429093253,0.0,1.0,0,1,0,0,2,0,-0.579161792940097
3,0,-0.06621247948648194,-0.349239344984124,0.0,1.0,0,1,0,0,2,0,0.15592817502233383
3,1,1.432359465278696,-0.05207576519136158,0.0,1.0,0,0,1,0,3,1,1.6261081109471953
1,0,0.4333115021019107,4.267105898653647,0.0,0.0,0,1,0,0,2,0,0.8910181429847647
3,0,-0.10463740114712752,-0.5703721741302267,0.0,1.0,0,1,0,0,2,0,-0.579161792940097
3,0,-0.10463740114712752,-0.5703721741302267,0.0,1.0,0,1,0,0,2,0,-0.579161792940097
1,0,-0.10463740114712752,0.025415871262533384,0.0,1.0,0,1,0,0,2,0,-0.579161792940097
1,0,0.5101613454232019,1.3420998506617574,0.0,1.0,0,1,0,0,3,1,0.15592817502233383
1,1,-0.6425863043961658,4.267105898653647,0.0,0.0,1,0,0,0,2,1,0.15592817502233383
3,0,-0.41203677443229225,-0.349239344984124,0.0,1.0,0,1,0,0,2,1,-0.579161792940097
3,0,0.12591212881674602,-0.5695851286399819,0.0,1.0,0,1,0,0,2,0,-0.579161792940097
1,0,3.123056018347102,1.1305139911267748,0.0,1.0,0,0,0,1,4,1,0.15592817502233383
3,0,-1.0268355210026217,-0.23738185236371911,0.0,1.0,0,1,0,0,1,1,0.15592817502233383
2,1,0.04906228549545483,-0.43279554429093253,0.0,1.0,1,0,0,0,2,0,-0.579161792940097
1,0,-0.7962859910387481,0.6480443241616547,0.0,1.0,0,1,0,0,2,1,-0.579161792940097
3,0,0.12591212881674602,-0.5743020108589146,1.0,0.0,0,1,0,0,2,0,-0.579161792940097
2,1,-1.949033640858116,-0.1632594174947761,0.0,1.0,1,0,0,0,0,1,-0.579161792940097
3,0,-1.7953339542155335,-0.4469461909477308,0.0,1.0,0,0,0,0,0,1,0.15592817502233383
3,0,0.27961181545932834,-0.5271331886695872,0.0,1.0,0,1,0,0,2,0,-0.579161792940097
3,0,-0.48888661775358344,-0.5703721741302267,0.0,1.0,0,1,0,0,2,0,-0.579161792940097
2,1,1.432359465278696,0.4431968677965758,0.0,1.0,0,0,1,0,3,1,0.15592817502233383
2,0,-2.204943619118015,-0.3923651252715091,0.0,1.0,0,0,0,0,0,1,0.15592817502233383
3,0,-0.10463740114712752,-0.5730675353981882,0.0,1.0,0,1,0,0,2,0,-0.579161792940097
2,0,-0.8731358343600393,-0.473225963310356,0.0,1.0,0,1,0,0,1,0,-0.579161792940097
3,0,0.35646165878061953,-0.5662159270550299,0.0,1.0,0,1,0,0,2,0,-0.579161792940097
1,1,0.27961181545932834,1.5482949876608172,0.0,1.0,0,0,0,1,2,0,0.8910181429847647
3,0,-0.10463740114712752,-0.3923651252715091,0.0,1.0,0,1,0,0,2,0,0.15592817502233383
3,0,0.8944105620296577,-0.5911480187836744,0.0,1.0,0,1,0,0,3,0,-0.579161792940097
3,0,-0.719436147717457,-0.5883394523424585,0.0,0.0,0,1,0,0,2,0,-0.579161792940097
1,1,0.5101613454232019,2.4512410124279413,0.0,1.0,0,0,1,0,3,1,1.6261081109471953
3,0,-1.0268355210026217,-0.5736281705419242,0.0,1.0,0,1,0,0,1,0,-0.579161792940097
1,1,1.6629089952425695,1.3180653142353442,0.0,1.0,0,0,1,0,3,1,0.8910181429847647
1,0,-0.10463740114712752,0.28417055298684357,0.0,0.0,0,0,0,1,2,0,-0.579161792940097
3,1,0.08748720715610042,-0.5743020108589146,1.0,0.0,1,0,0,0,2,0,-0.579161792940097
3,0,-0.10463740114712752,-0.13226276291321815,1.0,0.0,0,1,0,0,2,1,0.8910181429847647
3,0,0.20276197213803718,-0.55779292309265,0.0,1.0,0,1,0,0,2,0,-0.579161792940097
3,0,-0.41203677443229225,-0.5271331886695872,0.0,1.0,0,1,0,0,2,0,-0.579161792940097
3,0,1.432359465278696,-0.5714934444176987,0.0,1.0,0,1,0,0,3,0,-0.579161792940097
2,1,2.1240080551703167,-0.5001795759899716,0.0,1.0,0,0,1,0,3,0,0.15592817502233383
3,0,-0.10463740114712752,-0.5884526575157129,0.0,0.0,0,1,0,0,2,0,-0.579161792940097
2,1,1.893458525206443,-0.1632594174947761,0.0,1.0,0,0,1,0,3,1,-0.579161792940097
3,0,-0.8731358343600393,-0.5743020108589146,0.0,1.0,0,1,0,0,1,0,-0.579161792940097
3,0,-0.10463740114712752,-0.5743020108589146,1.0,0.0,0,1,0,0,2,0,-0.579161792940097
3,1,-1.8721837975368247,-0.4469461909477308,0.0,1.0,1,0,0,0,0,0,0.15592817502233383
3,0,-0.10463740114712752,-0.5746389310174098,1.0,0.0,0,1,0,0,2,0,-0.579161792940097
1,1,1.0481102486722402,4.267105898653647,0.0,1.0,0,0,1,0,3,1,0.8910181429847647
3,1,-1.2573850509664952,-0.5883394523424585,0.0,0.0,1,0,0,0,1,0,-0.579161792940097
1,1,-0.9499856776813305,0.7531634136121557,0.0,1.0,0,0,1,0,1,1,0.15592817502233383
1,0,-0.027787557825836348,0.025415871262533384,0.0,1.0,0,1,0,0,2,0,-0.579161792940097
3,0,-0.10463740114712752,-0.15113029178894907,0.0,1.0,0,1,0,0,2,1,0.15592817502233383
3,0,-0.33518693111100106,-0.5931695397346456,0.0,1.0,0,1,0,0,2,0,-0.579161792940097
3,0,-0.33518693111100106,-0.5877788171987225,0.0,1.0,0,1,0,0,2,0,-0.579161792940097
3,1,-0.8731358343600393,-0.581153619202073,0.0,1.0,1,0,0,0,1,0,-0.579161792940097
3,0,-1.6416342675729512,-0.05207576519136158,1.0,0.0,0,0,0,0,0,1,2.361198078909626
3,0,-2.1795831708219895,-0.22862192824284405,0.0,1.0,0,0,0,0,0,1,0.15592817502233383
1,0,1.2786597786361138,1.351533615099623,0.0,0.0,0,1,0,0,3,0,0.15592817502233383
3,0,-0.10463740114712752,-0.5743020108589146,1.0,0.0,0,1,0,0,2,0,-0.579161792940097
2,0,-1.0268355210026217,-0.08239857945592918,0.0,1.0,0,1,0,0,1,0,0.15592817502233383
3,1,-0.10463740114712752,-0.05207576519136158,0.0,1.0,1,0,0,0,2,1,3.831378014834488
1,0,-0.10463740114712752,0.04417019496500991,0.0,0.0,0,1,0,0,2,0,-0.579161792940097
3,0,-0.33518693111100106,-0.5703721741302267,0.0,1.0,0,1,0,0,2,0,-0.579161792940097
2,0,0.7407108753870755,-0.43279554429093253,0.0,1.0,0,1,0,0,3,0,-0.579161792940097
1,1,1.5092093085999871,-0.08430689523364593,0.0,1.0,0,0,0,1,3,0,-0.579161792940097
3,1,0.12591212881674602,-0.5491462041450293,0.0,1.0,0,0,1,0,2,0,-0.579161792940097
3,0,0.04906228549545483,-0.5883394523424585,0.0,0.0,0,1,0,0,2,0,-0.579161792940097
3,1,0.04906228549545483,-0.13226276291321815,0.0,1.0,0,0,1,0,2,1,0.8910181429847647
2,0,0.35646165878061953,-0.43279554429093253,0.0,1.0,0,1,0,0,2,0,0.15592817502233383
2,1,0.12591212881674602,-0.07566017628602527,0.0,1.0,0,0,1,0,2,1,0.8910181429847647
1,0,-1.4110847376090776,2.4512410124279413,0.0,1.0,0,0,0,0,0,1,1.6261081109471953
3,0,-2.224156079948338,-0.5536366760174534,0.0,0.0,0,0,0,0,0,1,-0.579161792940097
3,0,-0.1814872444684187,-0.5951910606856168,0.0,1.0,0,1,0,0,2,0,-0.579161792940097
3,0,0.12591212881674602,-0.5736281705419242,0.0,1.0,0,1,0,0,2,0,-0.579161792940097
1,0,0.7407108753870755,-0.7831925091259359,0.0,1.0,0,1,0,0,3,0,-0.579161792940097
3,1,-0.8731358343600393,-0.5736281705419242,0.0,1.0,1,0,0,0,1,0,-0.579161792940097
2,0,0.7407108753870755,-0.43279554429093253,0.0,1.0,0,1,0,0,3,0,-0.579161792940097
1,1,0.27961181545932834,0.6480443241616547,0.0,1.0,0,0,1,0,2,1,0.15592817502233383
3,0,-0.2583370877897099,-0.5705958891154675,0.0,1.0,0,1,0,0,2,0,-0.579161792940097
3,0,0.7407108753870755,-0.13226276291321815,0.0,1.0,0,1,0,0,3,0,0.15592817502233383
2,0,0.4333115021019107,-0.5001795759899716,0.0,1.0,0,1,0,0,2,0,-0.579161792940097
3,1,-1.7953339542155335,-0.05207576519136158,0.0,1.0,1,0,0,0,0,1,3.831378014834488
3,0,0.08748720715610042,-0.5662159270550299,0.0,1.0,0,1,0,0,2,0,-0.579161792940097
1,0,-0.10463740114712752,-0.7831925091259359,0.0,1.0,0,1,0,0,2,0,-0.579161792940097
3,1,-0.48888661775358344,-0.5695851286399819,0.0,1.0,1,0,0,0,2,0,-0.579161792940097
2,0,0.12591212881674602,0.21420436519309718,0.0,0.0,0,1,0,0,2,1,0.15592817502233383
3,0,1.0481102486722402,-0.609341707342415,0.0,1.0,0,1,0,0,3,0,-0.579161792940097
3,0,-1.4879345809303688,-0.05207576519136158,0.0,1.0,0,0,0,0,0,1,3.096288046872057
1,1,1.7397588385638607,1.7369702764181267,0.0,1.0,0,0,1,0,3,1,0.15592817502233383
3,0,-0.1814872444684187,-0.5497068392887654,0.0,1.0,0,1,0,0,2,0,-0.579161792940097
1,0,0.6638610320657843,-0.7831925091259359,0.0,1.0,0,0,0,1,3,0,-0.579161792940097
3,1,-0.1814872444684187,-0.4469461909477308,0.0,1.0,0,0,1,0,2,1,0.15592817502233383
3,0,-2.1027333275006983,-0.05207576519136158,0.0,1.0,0,0,0,0,0,1,3.096288046872057
3,0,-0.10463740114712752,-0.5958649010026071,1.0,0.0,0,1,0,0,2,0,-0.579161792940097
3,0,-0.10463740114712752,-0.05207576519136158,0.0,1.0,0,1,0,0,2,0,3.831378014834488
2,0,-2.1795831708219895,0.21420436519309718,0.0,0.0,0,0,0,0,0,1,0.15592817502233383
3,0,-0.10463740114712752,-0.5743020108589146,1.0,0.0,0,1,0,0,2,0,-0.579161792940097
1,1,2.5082572717767726,1.3730965052433155,0.0,1.0,0,0,1,0,4,0,0.15592817502233383
3,1,-1.1036853643239128,-0.39359960073223543,0.0,0.0,0,0,1,0,1,1,0.15592817502233383
2,0,-2.192647644186609,-0.2778122713831426,0.0,1.0,0,0,0,0,0,1,0.8910181429847647
3,0,-0.10463740114712752,-0.5883394523424585,0.0,0.0,0,1,0,0,2,0,-0.579161792940097
3,0,-0.48888661775358344,-0.5714934444176987,0.0,1.0,0,1,0,0,2,0,-0.579161792940097
3,0,-0.8731358343600393,-0.5594775238851261,0.0,1.0,0,1,0,0,1,0,-0.579161792940097
1,1,0.7407108753870755,1.4582241001693454,0.0,0.0,1,0,0,0,3,1,-0.579161792940097
3,0,-0.6425863043961658,-0.5497068392887654,0.0,1.0,0,1,0,0,2,0,-0.579161792940097
3,0,-0.10463740114712752,-0.5662159270550299,0.0,1.0,0,1,0,0,2,0,-0.579161792940097
3,0,0.20276197213803718,-0.05207576519136158,0.0,1.0,0,1,0,0,2,0,3.831378014834488
1,0,-0.10463740114712752,0.017329787458648674,0.0,0.0,0,1,0,0,2,0,-0.579161792940097
3,0,-0.719436147717457,-0.5695851286399819,0.0,1.0,0,1,0,0,2,0,-0.579161792940097
2,0,-1.0268355210026217,-0.5001795759899716,0.0,1.0,0,1,0,0,1,0,0.15592817502233383
1,1,0.04906228549545483,0.05236948394214903,0.0,0.0,1,0,0,0,2,0,0.15592817502233383
3,0,0.3948865804412651,-0.6096786275009102,0.0,0.0,0,1,0,0,2,0,-0.579161792940097
3,0,-0.9499856776813305,-0.5497068392887654,0.0,1.0,0,1,0,0,1,0,-0.579161792940097
3,0,0.9712604053509489,-0.5796927333948377,0.0,1.0,0,1,0,0,3,0,-0.579161792940097
3,0,-0.10463740114712752,-0.05207576519136158,0.0,1.0,0,1,0,0,2,1,3.831378014834488
3,0,0.4333115021019107,-0.5703721741302267,0.0,0.0,0,1,0,0,2,0,-0.579161792940097
2,0,-0.10463740114712752,0.1062767093013803,0.0,1.0,0,0,0,1,2,1,0.8910181429847647
1,1,-0.10463740114712752,1.6184875858010723,0.0,0.0,0,0,1,0,2,1,0.15592817502233383
3,0,-1.949033640858116,-0.05207576519136158,0.0,1.0,0,0,0,0,0,1,3.831378014834488
3,0,3.430455391632267,-0.5736281705419242,0.0,1.0,0,1,0,0,4,0,-0.579161792940097
3,1,-1.56478442425166,-0.3722631209350517,0.0,0.0,1,0,0,0,0,1,0.15592817502233383
1,1,-1.0268355210026217,0.27877983045092036,0.0,1.0,1,0,0,0,1,1,-0.579161792940097
2,1,1.1249600919935314,-0.08239857945592918,0.0,1.0,0,0,1,0,3,1,0.15592817502233383
3,1,-0.8731358343600393,-0.5311762305715296,0.0,1.0,0,0,1,0,1,1,-0.579161792940097
1,1,1.2018099353148226,3.6605606664404524,0.0,1.0,0,0,1,0,3,1,0.15592817502233383
1,0,1.6629089952425695,-0.06757409248214055,0.0,1.0,0,1,0,0,3,0,-0.579161792940097
3,1,-0.41203677443229225,-0.264111750058094,0.0,0.0,0,0,1,0,2,1,1.6261081109471953
3,0,-0.10463740114712752,-0.5883394523424585,0.0,0.0,0,1,0,0,2,0,-0.579161792940097
3,0,0.8944105620296577,-0.4029228553581145,0.0,1.0,0,1,0,0,3,1,-0.579161792940097
2,0,-0.6425863043961658,-0.473225963310356,0.0,1.0,0,1,0,0,2,1,-0.579161792940097
1,1,1.432359465278696,-0.08430689523364593,0.0,1.0,0,0,1,0,3,0,-0.579161792940097
3,1,-0.10463740114712752,-0.05207576519136158,0.0,1.0,1,0,0,0,2,1,3.831378014834488
2,0,-0.41203677443229225,-0.43279554429093253,0.0,1.0,0,1,0,0,2,0,-0.579161792940097
2,1,0.9712604053509489,-0.43279554429093253,0.0,1.0,0,0,1,0,3,0,-0.579161792940097
2,1,-0.1814872444684187,-0.40966125852801843,0.0,0.0,1,0,0,0,2,1,-0.579161792940097
1,0,0.12591212881674602,0.5778517260213997,0.0,1.0,0,1,0,0,2,0,-0.579161792940097
3,0,-0.10463740114712752,-0.5271331886695872,0.0,1.0,0,1,0,0,2,0,-0.579161792940097
3,0,-1.949033640858116,-0.483109853079971,0.0,1.0,0,0,0,0,0,1,0.8910181429847647
3,0,-0.2583370877897099,-0.5703721741302267,0.0,1.0,0,1,0,0,2,0,-0.579161792940097
1,1,1.3555096219574048,0.6333330423611205,0.0,1.0,0,0,1,0,3,1,0.15592817502233383
1,0,0.27961181545932834,-0.6484244457278576,0.0,1.0,0,1,0,0,2,0,-0.579161792940097
3,0,1.3555096219574048,-0.5406099950093951,0.0,1.0,0,1,0,0,3,0,-0.579161792940097
2,1,-0.10463740114712752,-0.13630580481516047,0.0,0.0,0,0,1,0,2,1,0.15592817502233383
3,1,-1.1036853643239128,-0.5884526575157129,0.0,0.0,1,0,0,0,1,0,-0.579161792940097
3,0,-0.719436147717457,-0.5178126294049762,0.0,1.0,0,1,0,0,2,0,0.15592817502233383
3,0,-0.7962859910387481,-0.5703721741302267,0.0,1.0,0,1,0,0,2,0,-0.579161792940097
3,0,-0.10463740114712752,-0.5703721741302267,0.0,1.0,0,1,0,0,2,0,-0.579161792940097
1,1,2.0471582118490255,1.4582241001693454,0.0,0.0,0,0,1,0,3,1,0.15592817502233383
2,1,-0.33518693111100106,-0.08239857945592918,0.0,1.0,0,0,1,0,2,1,0.15592817502233383
3,0,0.27961181545932834,-0.5703721741302267,0.0,1.0,0,1,0,0,2,0,-0.579161792940097
3,1,-0.5657364610748746,-0.49972945065822205,0.0,1.0,1,0,0,0,2,0,-0.579161792940097
2,0,-0.10463740114712752,-0.5001795759899716,0.0,1.0,0,1,0,0,2,0,-0.579161792940097
3,0,-0.33518693111100106,-0.5931695397346456,0.0,1.0,0,1,0,0,2,0,-0.579161792940097
3,1,0.7407108753870755,-0.05207576519136158,1.0,0.0,0,0,1,0,3,1,2.361198078909626
2,0,-0.1814872444684187,-0.43279554429093253,0.0,1.0,0,0,0,1,2,0,-0.579161792940097
1,1,-0.7962859910387481,0.025415871262533384,0.0,1.0,1,0,0,0,2,0,-0.579161792940097
3,1,-0.10463740114712752,-0.15113029178894907,0.0,1.0,1,0,0,0,2,1,0.15592817502233383
1,0,-0.2583370877897099,0.025415871262533384,0.0,0.0,0,1,0,0,2,0,-0.579161792940097
3,0,0.20276197213803718,-0.5743020108589146,1.0,0.0,0,1,0,0,2,0,-0.579161792940097
